id	rule_id	status	unvocalized	category	context	pattern	suggestions	message	wrong_example	correct_example	example_marker_pos	marker_pos	inflected	regexp	postag	skip	Remark	reference	
#الرقم الأصلي	رقم القاعدة	الحالة	غير مشكول للبحث	صنف الخطأ	السياق	الخطأ	التصحيح	رسالة	مثال خاطئ								ملاحظة	مرجع	
1		done	أب الفقيد	تعبير	أبُ الفقيد		أبو الفقيد|أبا الفقيد|أبي الفقيد		أبُ الفقيد								replace.txt	مروان	
2		done	أكد بأن	تعبير	أكَّد بأن		أكَّد أنّ		أكَّد بأنـَّه صادقٌ									مروان	
3		done	الآنف الذكر	تعبير	الآنِفُ الذكرِ		المذكورُ آنِفاً	(الآنف): الماضي القريب	الكتابُ الآنِفُ الذكرِ									مروان	
4		done	إمارة الشيء	تعبير	إمارة الشيء		أمارة الشيء	(الإمارة): منصب الأمير، والأرض التي يملكها الأمير	إمارة الشيء									مروان	
5	trans_5	done	امتثـل للأمر	متعدي بحرف	امْتَثـَلَ للأمرِ	اِمْتَثـَلَ للأمرِ	امْتَثـَلَ الأمرَ	الفعل (امتثل) يتعدّى بنفسه	امْتَثـَلَ للأمرِ	امتثل الأمر	1-2	1-2						مروان	
6		done	بكى من شدة التأثير	تعبير	بكى من شدة التأثير		بكى من شدة التأثـُّر	(أثـّر فيه تأثيراً): ترك فيه أثراً	بكى من شدة التأثير									مروان	
7		done	تأمل خيرا	تعبير	تأَمَّل خيراً		أمَّل خيراً	(تأمَّل): تدبّر	تأَمَّل خيراً									مروان	
8		done	تأمين راحة	تعبير	تأمين راحة		توفير راحة		لتأمين راحة المصطافين								replace.txt	مروان	
9		done	تأمين سرية الاتصالات	تعبير	تأمين سِرِّية الاتصالات		تحقيق سِرِّية الاتصالات		لتأمين سِرِّية الاتصالات								replace.txt	مروان	
10		done	تماثل المريض للشفاء	تعبير	تماثل المريضُ للشفاء		تماثل المريضُ من مرضه		تماثل المريضُ للشفاء									مروان	
11		done	عبارة عن	تعبير	عِبارةً عن		يتألف من		وكان البيتُ عِبارةً عن أربع غرف..									مروان	
12		done	عبارة عن	تعبير	عِبارةٌ عن				الكتابُ المدرسيُّ عِبارةٌ عن مَرجعٍ...									مروان	
13		done	عبارة عن	تعبير	عِبارةٌ عن		إنما هو		الكتابُ المدرسيُّ عِبارةٌ عن مَرجعٍ...									مروان	
14		done	علاوة على ذلك	تعبير	علاوة على ذلك		إضافة إلى ذلك	(علاوة) اسمٌ، وليست مصدراً؛ تقول: حصل الموظف على علاوة كبيرة	علاوة على ذلك، يمكن أن...									مروان	
15		done	قام بأوده	تعبير	قام بأَوَدِه		عالَه | أَعالَه	(الأَوَد): الاعْوِجاج، (أقام أوَدَه): قَوّم اعوِجاجَه	قام بأَوَدِه									مروان	
16		done	كما وأنه	تعبير	كما وأنه		كما أنه		فلانٌ كاتبٌ كما وأنه شاعرٌ									مروان	
17		done	لأول مرة	تعبير	لأولِ مرةٍ		أولَ مرةٍ		فلانٌ يغنـِّي لأولِ مرةٍ في حياته									مروان	
18		done	لأول وهلة	تعبير	لأول وهلة		أول وهلة		يبدو ذلك غامضاً لأول وهلة									مروان	
19		done	لأول وهلة	تعبير	لأول وهلة		أول وهلة		يبدو ذلك غامضاً لأول وهلة									مروان	
20		done	له قيمة محددة من أجل مادة	تعبير	له قيمة محددة من أجل مادة		له قيمة محددة لمادة		له قيمة محددة من أجل مادة معينـَّة								replace.txt	مروان	
21		done	من خلال	تعبير	من خلال		بناءً على		لا يمكن -من خلال هذا- الادعاءُ بأن...									مروان	
22		done	من خلال	تعبير	من خلال		استناداً إلى		لا يمكن -من خلال هذا- الادعاءُ بأن...									مروان	
23		done	من خلال	تعبير	من خلال		من		تأكد لفلان من خلال أعماله أن..									مروان	
24		done	من خلال	تعبير	من خلال		نتيجةَ		تأكد لفلان من خلال أعماله أن..									مروان	
25		done	هاتف خليوي	تعبير	هاتف خليَوِيّ		هاتف خَلَوِيّ		هاتف خليَوِيّ								replace.txt	مروان	
26		done	هل أنت متأكد؟	تعبير	هل أنتَ متأكِّد؟		هل أنتَ متيقِّن؟| هل أنتَ متحقق؟		هل أنتَ متأكِّد؟									مروان	
27		done	وقع مؤخرا	تعبير	وَقَع مؤخَّراً		وَقَع حديثاً| وقع قريباً |وقع منذ عهد قريب|وقع قبل مدة قصيرة	(المُؤَخـَّر): نهاية الشيء من الخلف	وَقَع مؤخَّراً									مروان	
28		done	يا أبتي	تعبير	يا أبَتِي		يا أبَتِ	التاء عِوَضٌ من الياء المحذوفة	يا أبَتِي									مروان	
29		done	يجب أن نتأكد من	تعبير	يجب أن نتأكّد من		يجب أن يتأكّد لنا		يجب أن نتأكّد من حدوث كذا									مروان	
30		done	يجب أن نتأكد من	تعبير	يجب أن نتأكّد من		يجب أن نتحقّق |يجب أن نتيَقَّن		يجب أن نتأكّد من حدوث كذا									مروان	
31		done	يجب أن نتأكد من	تعبير	يجب أن نتأكّد من		يجب أن نستَيْقِنَ		يجب أن نتأكّد من حدوث كذا									مروان	
32		done	يجب أن نتأكد من	تعبير	يجب أن نتأكّد من		يجب أن نتوثـَّق		يجب أن نتأكّد من حدوث كذا									مروان	
33		done	أقسم بأن	تعبير	أَقْسَمَ بأنْ	أَقْسَمَ بأنْ	أَقْسَمَ باللّهِ أنْ|أَقْسَمَ أنْ	الباء تدخل على المُقْسَم به	أَقْسَمَ بأنْ يَفعلَ كذا									مروان	
34		done	إلا و	تعبير	إلاّ و	إلاّ و	إلاّ		ما تَحدَّثَ إلاّ وقال خيراً									مروان	
35		done	الأحسن من هذا	تعبير	الأَحْسَنُ مِن هذا	الأَحْسَنُ مِن هذا	أَحْسَنُ من هذا		الأَحْسَنُ مِن هذا فِعْلُ كذا								wordiness.txt	مروان	
36		done	الأعداد الأكبر من	تعبير	الأعداد الأكبر من	الأكبر من	التي هي أكبر من		الأعداد الأكبر من 10									مروان	
37		done	البارحة ظهرا	تعبير	البارحةَ ظُهراً	البارحةَ ظهرا	أمس ظهرا	(البارحة): أقرب ليلةٍ مَضَت	لقيتُه البارحةَ ظُهراً								replace.txt	مروان	
38		done	الحالات الأكثر شيوعا	تعبير	الحالات الأكثر شيوعاً	الحالات الأكثر	أكثر الحالات		الحالات الأكثر شيوعاً								replace.txt	مروان	
39		done	الغث والثمين	تعبير	الغثّ والثمين	الغثّ والثمين	الغثُّ والسمين		الغثّ والثمين								replace.txt	مروان	
40		done	المنـوه عنه|المنوه إليه	تعبير	المُنـَوَّهُ عنه|المنوه إليه	المُنـَوَّهُ عنه|المنوه إليه	المنوّه به		هذا الرجلُ المُنـَوَّهُ عنه / إليه									مروان	
41		done	إلى أكبر حد	تعبير	إلى أكبر حدّ	أكبر حد	أبعد حدّ		ذَهَبَ إلى أكبر حدّ								replace.txt	مروان	
42		done	إلى حد كبير عن	تعبير	إلى حدّ كبير عن	حدّ كبير	حدّ بعيد		يختلف البحث إلى حدّ كبير عن...								replace.txt	مروان	
43		done	إلى عند	تعبير	إلى عند	إلى عند	عند		ذهبت إلى عند فلان								redendency.txt	مروان	
44		done	أما بالنسبة إلى	تعبير	أما بالنسبة إلى	أما بالنسبة إلى	أما		أما بالنسبة إلى بناء الكلية فيجب...								redendency.txt	مروان	
45		done	انعكاس ل	تعبير	انعكاسٌ ل	انعكاسٌ ل	نتيجة ل|تعبير عن		هل هو انعكاسٌ لأحاسيس عامة..									مروان	
46		done	بالإضافة إلى ذلك	تعبير	بالإضافة إلى ذلك	بالإضافة إلى ذلك	إضافة إلى ذلك|زيادة على ذلك|فضلاً على ذلك		بالإضافة إلى ذلك، يمكن أن نفعل...								replace.txt	مروان	
49		done	بالرفاه والبنين	تعبير	بالرَّفاهِ والبنين	بالرَّفاهِ والبنين	بالرِّفاء والبنين		بالرَّفاهِ والبنين								replace.txt	مروان	
50		done	بالنسبة إلى | أما بالنسبة إلى	تعبير	بالنسبة إلى | أما بالنسبة إلى	بالنسبة إلى | أما بالنسبة إلى	ما يتعلق| أما ما يخصّ		...هذا بالنسبة إلى المقررات النظرية، أما بالنسبة إلى المقررات العملية...								redendency.txt	مروان	
51		done	بالنسبة لنا|بالنسبة له|بالنسبة لي|بالنسبة لها	تعبير	بالنسبة لنا|بالنسبة له|بالنسبة لي|بالنسبة لها	بالنسبة لنا|بالنسبة له|بالنسبة لي|بالنسبة لها	لنا|له|لي|لها		هذا لا يعني شيئاً بالنسبة لنا								redendency.txt	مروان	
52		done	بشكل أو بآخر	تعبير	بشكل أو بآخر	بشكل أو بآخر	بأي وسيلة		لا بدّ من إصلاح الأمر بشكل أو بآخر									مروان	
53		done	بكل معنى الكلمة	تعبير	بكلِّ معنى الكلمة	بكلِّ معنى الكلمة	حقّاً		خالدٌ شجاعٌ بكلِّ معنى الكلمة									مروان	
54		done	بكل معنى الكلمة	تعبير	بكلِّ معنى الكلمة	بكلِّ معنى الكلمة	جدُّ		خالدٌ شجاعٌ بكلِّ معنى الكلمة									مروان	
55		done	بكل معنى الكلمة	تعبير	بكلِّ معنى الكلمة	بكلِّ معنى الكلمة	كلَّ		خالدٌ شجاعٌ بكلِّ معنى الكلمة									مروان	
56		done	بما أن	تعبير	بما أن	بما أن	لما كان	بما أنّ ... تركيب دخيل على العربية	بما أنّ... فإنّ ...								replace.txt	مروان	
57		done	بما فيها	تعبير	بما فيها	بما فيها	وفيها		اشتريت الدارَ بما فيها السطح								replace.txt	مروان	
58		done	بما فيهم	تعبير	بما فيهم	بما فيهم	وفيهم		رأيت الأولادَ بما فيهم خالد وصالح								replace.txt	مروان	
59		done	بينما كان	تعبير	بينما كان	بينما كان	حين كان		رأيتُه... بينما كان يهمّ بالخروج								replace.txt	مروان	
60		done	تبلغ فلان الأمر	تعبير	تَبَلَّغَ فلانٌ الأمرَ	تَبَلَّغَ الأمرَ	أُبْلِغَ الأمرَ |بُلِّغَ الأمرَ	(تبلّغَ بالقليل): اكتفى به وقَنِع	تَبَلَّغَ فلانٌ الأمرَ									مروان	
61		done	تحسبا من كل طارئ	تعبير	تَحَسُّباً من كل طارئ	تَحَسُّباً من كل	تَحَسُّباً لكل		تَحَسُّباً من كل طارئ									مروان	
62		done	تشكل هذه	تعبير	تشكِّل هذه	تشكِّل هذه	تُعدُّ هذه		تشكِّل هذه الطريقة إنجازاً ...									مروان	
63		done	حتى أنه لم	تعبير	حتى أنه لم	حتى أنه لم	حتى إنه لم		حتى أنه لم يفهمْ كلامِي									مروان	
64		done	حتى ولو كان	تعبير	حتى ولو كان	حتى ولو كان	حتى لو كان		حتى ولو كان...								replace.txt	مروان	
65		done	ذكي للغاية	تعبير	ذكيٌّ للغاية	ذكيٌّ للغاية	بلغ من الذكاء الغاية		فلانٌ ذكيٌّ للغاية								replace.txt	مروان	
66		done	ذكي للغاية	تعبير	ذكيٌّ للغاية	ذكيٌّ للغاية	ذكيٌّ جداً	(الغاية): النهاية والآخِر	فلانٌ ذكيٌّ للغاية									مروان	
67		done	ردحا قصيرا	تعبير	رَدَحاً قصيراً	رَدَحاً قصيراً	زَمَناً قصيراً		أقام رَدَحاً قصيراً من الزمن								replace.txt	مروان	
68		done	زخة من المطر	تعبير	زَخَّةٌ من المطر	زَخَّةٌ من المطر	دُفْعَةٌ من المطر	ليس من معاني (الزخـّة) الدُّفعة	زَخَّةٌ من المطر								replace.txt	مروان	
69		done	سبق وذكرنا	تعبير	سبق وذكرنا	سبق وذكرنا	سبق أن ذكرنا		سبق وذكرنا...								replace.txt	مروان	
70		done	سوف لن |سوف لا	تعبير	سوف لن |سوف لا	سوف لن |سوف لا	لن |لا	(سوفَ) لا تدخل إلا على الفعل المُثـْبـَت	سوف لن يذهب / سوف لا يذهب								redendency.txt	مروان	
71		done	سوى أنا |سوى نحن	تعبير	سوى أنا |سوى نحن	سوى أنا |سوى نحن	سواي| سوانا		لم يحضر سوى أنا / نحن								replace.txt	مروان	
72		done	سوى على	تعبير	سوى على	سوى على	على سوى	(سوى) و(غير) تضافان إلى الاسم. ويعرب الاسم بعدهما مضافاً إليه دائماً، ويكون مفرداً؛ أي: ليس جملة ولا شبهها	لم أحصل سوى على كتاب واحد									مروان	
73		done	صباحا مساء	تعبير	صباحاً مساءً	صباحاً مساءً	صباحَ مساءَ|صباحاً ومساءً		يزور صديقه صباحاً مساءً								replace.txt	مروان	
74		done	ضرب أخماسا بأسداس	تعبير	ضَرَبَ أخْماساً بأسداس	ضَرَبَ أخْماساً بأسداس	ضَرَبَ أخْماساً لأسداس	مثلٌ يُضربُ لِمَن يسعى في المكرِ والخَديعة	ضَرَبَ أخْماساً بأسداس								replace.txt	مروان	
75		done	طيلة عمره	تعبير	طِيلَةَ عُمْرِه	طِيلَةَ عُمْرِه	طُولَ عُمُرِهِ	(الطِّيلَة): العُمْر	قَضَى طِيلَةَ عُمْرِه في التدريس								replace.txt	مروان	
76		done	عدا عن	تعبير	عدا عن	عدا عن	عدا	(عدا): أداة يُستثنى بها، والاسمُ بعدها يجوز نصبه وجرّه، ففي حالة النصب تكون (عدا) فعلاً، وفي حالة الجر تكون حرف جرّ.. فإذا اقترنتْ (ما) بـ (عدا) وَجَب نصب الاسم بعدها على المفعولية.	يوجد 50 رجلاً عدا عن الأطفال									مروان	
77		done	عدا عن	تعبير	عدا عن	عدا عن	ماعدا	(عدا): أداة يُستثنى بها، والاسمُ بعدها يجوز نصبه وجرّه، ففي حالة النصب تكون (عدا) فعلاً، وفي حالة الجر تكون حرف جرّ.. فإذا اقترنتْ (ما) بـ (عدا) وَجَب نصب الاسم بعدها على المفعولية.	يوجد 50 رجلاً عدا عن الأطفال									مروان	
78		done	على حدا |على حدى|حده	تعبير	على حِدا |على حِدى|حِدَه	على حِدا |على حِدى|حِدَه	على حِدَةٍ		جعله على حِدا / حِدى / حِدَه									مروان	
79		done	على قيد الحياة	تعبير	على قَيْد الحياة	على قَيْد الحياة	حيٌّ يُرزَق		فلانٌ على قَيْد الحياة								replace.txt	مروان	
80		done	غير أنا|غير نحن	تعبير	غير أنا|غير نحن	غير أنا|غير نحن	غيري | غيرنا		لم يحضرْ غير أنا / نحن ...								replace.txt	مروان	
81		done	غير بالله	تعبير	غير بالله	غير بالله	بغير الله		لا تستعِنْ غير بالله									مروان	
82		done	فترة قصيرة	تعبير	فترة قصيرة	فترة قصيرة	مدّة قصيرة		في فترة قصيرة								replace.txt	مروان	
83		done	في ثناياه	تعبير	في ثناياه	في ثناياه	في أثنائه|في تضاعيفه|في طياته|في أطوائه |في مطاويه		يَحمل في ثناياه كلَّ خير									مروان	
84		done	في صدد	تعبير	في صَدَدِ	في صَدَدِ	بصَدَدِ		فلانٌ في صَدَدِ كذا								replace.txt	مروان	
85		done	قيد الإنجاز	تعبير	قَيْدُ الإنجاز	قَيْدُ الإنجاز	في قَيْدِ الإنجاز	(في قَيْدِ كذا): في حَوْزَة كذا	المشروعُ قَيْدُ الإنجاز								حلت المسألة بواسطة antipattern	مروان	
86		done	كالشمس في رابعة النهار	تعبير	كالشمس في رابعَةِ النهار	كالشمس في رابعَةِ النهار	كالشمس في رائِعَةِ النهار		كالشمس في رابعَةِ النهار								replace.txt	مروان	
87		done	كما أن	تعبير	كما أن	كما أن	ثم أن	كما = (ك) التشبيه+ (ما) المصدرية. ولا تستعمل (كما) للعطف والاستئناف	كان للجهاز أثر كبير ...، كما أن استخدامه سيزداد ...									مروان	
88		done	كما أن	تعبير	كما أن	كما أن	وهو إلى ذلك| وهي إلى ذلك		الخدمة مجانية..، كما أنها تعطي..								replace.txt	مروان	
89		done	كما يمكن أن	تعبير	كما يمكن أن	كما يمكن أن	ويمكن أن		يعمل الحاسوب في ...، كما يمكن أن تحتاج تجهيزاتُه إلى...									مروان	
90		done	لا بد وأن	تعبير	لا بدَّ وأن	لا بدَّ وأن	لا بدَّ أن	لا تدخل الواوُ بين اسم (لا) و(أن) المصدرية. الأصل: (لا بد من أن...) ويجوز إسقاط الجار قبل (أن)	لا بدَّ وأن تتغير الحال									مروان	
91		done	لا دخل لك	تعبير	لا دَخْلَ لك	لا دَخْلَ لك	لا علاقة لك		لا دَخْلَ لك في هذا								replace.txt	مروان	
92		done	لا يجب أن	تعبير	لا يَجِبُ أن	لا يَجِبُ أن	يَجِبُ ألاّ	(لا يجب أن تذهب) تعني أن الذهاب ليس واجباً عليك، فيمكنك الذهاب وعدمه	لا يَجِبُ أن تذهبَ									مروان	
93		done	لنفرض أن	تعبير	لنفرض أن	لنفرض أن	لنفترض أن	(فَرَض الأمرَ): أوجبه، و(افترض الباحثُ): اتّخذ فَرْضاً ليصل إلى حلّ مسألة.	لنفرض أن س أكبر من ع									مروان	
94		done	ما تمالك نفسه أن بكى	تعبير	ما تَمَالَكَ نفسَه أن بكى	ما تَمَالَكَ نفسَه	ما تَمَالَكَ		ما تَمَالَكَ نفسَه أن بكى									مروان	
95		done	ما تمالك نفسه أن بكى	تعبير	ما تَمَالَكَ نفسَه أن بكى	ما تَمَالَكَ نفسَه	لم يَمْلِكْ نفسَه	(تمالك) فعلٌ لازم	ما تَمَالَكَ نفسَه أن بكى									مروان	
96		done	ملفت للنظر	تعبير	مُلْفِتٌ للنظر	مُلْفِتٌ للنظر	لافِتٌ للنظر	الفعل هو: (لَفَت)، لا: (ألْفَتَ)	مشهدٌ مُلْفِتٌ للنظر									مروان	
97		done	مما دعا إلى	تعبير	مما دعا إلى	مما دَعَا إلى	وهذا دعا إلى		كلفني وألحّ عليّ، مما دعاني إلى ...									مروان	
98		done	ناهيك عن	تعبير	ناهِيكَ عن	ناهِيكَ عن	بَلْهَ	(ناهيك) كلمة تعجب واستعظام، نحو: ناهيك بخالدٍ كاتباً	يجيد لغتين، ناهِيكَ عن لغته الأصلية									مروان	
99		done	ناهيك عن	تعبير	ناهِيكَ عن	ناهِيكَ عن	فضلاً على	(ناهيك) كلمة تعجب واستعظام، نحو: ناهيك بخالدٍ كاتباً	يجيد لغتين، ناهِيكَ عن لغته الأصلية									مروان	
100		done	نـوه إلى	تعبير	نـَوَّهَ إلى	نـَوَّهَ إلى	أشار إلى	(نـَوَّه بالشيء): أشاد به وأظهره	نـَوَّهَ إلى الشيء									مروان	
101		done	نـيف ومئة	تعبير	نـَيِّفٌ ومئةُ	نـَيِّفٌ ومئةُ	مئةُ ونـَيِّفٌ	(النـَّيِّف): الأعداد من واحد إلى ثلاثة، ويأتي بعد العقود والمئات والآلاف	جاء نـَيِّفٌ ومئةُ رجلٍ									مروان	
102		done	هؤلاء ذو	تعبير	هؤلاء ذو	هؤلاء ذو	هؤلاء ذوُو		هؤلاء ذو أنْفُسٍ أبـِيَّة								replace.txt	مروان	
103		done	هكذا أشياء	تعبير	هكذا أشياء	هكذا أشياء	مثل هذه الأشياء	هكذا = (ها) التنبيه + كاف التشبيه + (ذا) اسم إشارة	إن هكذا أشياء									مروان	
104		done	هكذا أشياء	تعبير	هكذا أشياء	هكذا أشياء	مثل هذه الأشياء |أشياء كهذه		إن هكذا أشياء									مروان	
105		done	هل إن	تعبير	هل إن	هل إن	أإن	(هل) لا تدخل على الشرط	هل إن غبتُ عن العمل أُعاقب؟									مروان	
106		done	هل إنـه	تعبير	هل إنـّه	هل إنـّه	هل	(هل) للاستفهام، و(إنّ) للتوكيد، وهما لا يجتمعان	هل إنـّه نجح فيما سعى إليه؟									مروان	
107		done	هل س	تعبير	هل س	هل س	هل	(هل) يخصِّص المضارع بالاستقبال	هل سيباشر فلان؟									مروان	
108		done	هل لم	تعبير	هل لم	هل لم	أمَا| ألم	(هل) لا تدخل على الكلام المنفي	هل لم يباشر فلان؟									مروان	
109		done	هي الأكبر	تعبير	هي الأكبرُ	هي الأكبرُ	هي الكبرى	تجب المطابقة لدخول (أل) على أفعل التفضيل	آسيا هي الأكبرُ بين القارات									مروان	
110		done	والأدهى من ذلك أن	تعبير	والأدهى من ذلك أن	والأدهى من ذلك أن	والأدهى أن|وأدهى من ذلك أن	أفعل التفضيل إذا دخلت عليه [أل] لا تلحقه [من]	والأدهى من ذلك أن...									مروان	
111		done	والأعجب من ذلك	تعبير	والأعْجَبُ من ذلك	والأعْجَبُ من ذلك	والأعجب|وأعجب من ذلك	أفعل التفضيل المحلّى بـ (أل) لا يجوز فيه ذكر (مِن) مع المفضَّل عليه	والأعْجَبُ من ذلك قولُه...									مروان	
112		done	وبالتالي فإن	تعبير	وبالتالي فإن	وبالتالي فإن	لذا فإن		وبالتالي فإن حساسية القياس ...								replace.txt	مروان	
113		done	وهو الأحسن من	تعبير	وهو الأَحْسَنُ مِن	وهو الأَحْسَنُ مِن	وهو أَحْسَنُ مِن	أفعل التفضيل المحلّى بـ (أل) لا يجوز فيه ذكر (مِن) مع المفضَّل عليه	وهو الأَحْسَنُ مِن كلِّ هذا									مروان	
114		done	يتمحور هذا الأمر حول	تعبير	يَتَمَحْوَرُ هذا الأمرُ حول	يَتَمَحْوَرُ هذا الأمرُ حول	يدور هذا الأمرُ حول		يَتَمَحْوَرُ هذا الأمرُ حول كذا									مروان	
115		done	ينبغي عليك ألا	تعبير	ينبغي عليك ألاّ	ينبغي عليك ألاّ	يجب عليك ألاّ		ينبغي عليك ألاّ تكذب									مروان	
116		done	النتائج الأفضل	تعبير	النتائج الأفضل	النتائج الأفضل	النتائج الفُضْلى|أفضل النتائج		حصل على النتائج الأفضل									مروان	
117		done	سوى ب	تعبير	سوى ب	سوى ب	بسوى		لا تستعن سوى بالله									مروان	
118		done	آراء حول	حرف جر	آراء حول	حول	في		آراء القراء حول الكتاب									مروان	
119		done	إرشادات حول	حرف جر	إرشادات حول	حول	ذات صلة¦ تتعلق ب		إرشادات حول كذا ...									مروان	
120		done	المشرف اللغوي ل	حرف جر	المشرف اللغوي ل	ل	على		المشرف اللغوي للبرنامج									مروان	
121		done	تأمين ضد	حرف جر	تأمين ضدّ	ضدّ	من		تأمين ضدّ جميع الأخطار									مروان	
122		done	تقرير حول	حرف جر	تقرير حول	حول	عن		تقرير حول الجلسة									مروان	
123		done	توضيح حول	حرف جر	توضيحٌ حول	حول	|ل		توضيحٌ حول فتوى ...									مروان	
124		done	دراسات حول	حرف جر	دراسات حول	حول	في		دراسات حول اللغة									مروان	
125		done	ضد الصدمات	حرف جر	ضدّ الصدمات	ضدّ	تتحمل|لا تتأثر ب		ساعة ضدّ الصدمات									مروان	
126		done	عاطل عن العمل	حرف جر	عَاطِلٌ عن العمل	عن	من		عَاطِلٌ عن العمل									مروان	
127		done	علاقة حميمة مع	حرف جر	علاقةٌ حميمةٌ مع	مع	ب		له علاقةٌ حميمةٌ مع ابنه									مروان	
128		done	لمحة عن حياة	حرف جر	لَمْحة عن حياة	عن	إلى		لَمْحة عن حياة المؤلف									مروان	
129		done	لمحة عن حياة	حرف جر	لَمْحة عن حياة	عن	من		لَمْحة عن حياة المؤلف									مروان	
130		done	متضلع في	حرف جر	مُتَضَلِّعٌ في	في	من		مُتَضَلِّعٌ في اللغة									مروان	
131		done	معصوم عن الخطأ	حرف جر	مَعْصُومٌ عن الخطأ	عن	من		مَعْصُومٌ عن الخطأ									مروان	
132		done	ملاحظات حول	حرف جر	ملاحظات حول	حول	على		ملاحظات حول الأسباب ...									مروان	
133		done	ملاحظات حول	حرف جر	ملاحظات حول	حول	يتعلق ب		ملاحظات حول الأسباب ...									مروان	
134		done	ملاحظات حول	حرف جر	ملاحظات حول	حول	على		ملاحظات حول الأسباب ...									مروان	
135		done	مناعة ضد	حرف جر	مناعة ضدّ	ضدّ	من		مناعة ضدّ المرض									مروان	
136		done	يرجى الإطلاع	خطأ إملائي	الإطّلاع	الإطّلاع	اطّلاع		يرجى الإطّلاع									مروان	
137		done	عامود البناء	خطأ إملائي	عَامُودُ البناء	عامود	عَمُودُ		عَامُودُ البناء									مروان	
138		done	استبديت برأيي	خطأ إملائي	استبدّيْتُ برأيي	استبديت	استبدَدْتُ		استبدّيْتُ برأيي									مروان	
139		done	استغليت الأرض	خطأ إملائي	استغلَّيْتُ الأرضَ	استغليت	استغلَلْتُ		استغلَّيْتُ الأرضَ									مروان	
140		done	استقليت برأيي	خطأ إملائي	استقلّيْتُ برأيي	استقليت	استقلَلْتُ		استقلّيْتُ برأيي									مروان	
141		done	اضطرد الأمر	خطأ إملائي	اضْطَرَدَ الأمرُ	اضطرد	اطَّرَدَ	الفعل هو: (طرد)، لا: (ضرد)	اضْطَرَدَ الأمرُ									مروان	
142		done	شهر إيلول	خطأ إملائي	شهر إيلول	إيلول	أَيْلول		شهر إيلول									مروان	
143		done	عواميد البناء	خطأ إملائي	عواميد البناء	عواميد	أعْمِدة|عُمُد		عواميد البناء									مروان	
144		done	شيء بسيط	صفة	شيءٌ بسيط	شيءٌ بسيط	شيء قليل|شيء يسير	(أرض بسيطة): أرض منبسطة، مستوية. (ثوبٌ بسيط): مبسوط منشور.	شيءٌ بسيط									مروان	
145		done	أحداث مريعة	صفة	أحداثٌ مُريعة	مُريعة	مُرَوِّعة		أحداثٌ مُريعة									مروان	
146		done	أرض قفراء	كلمة واحدة	أرضٌ قَفْرَاءُ	قَفْرَاءُ	مُقْفِرَةٌ|قَفْرَةٌ|قَفْرٌ		أرضٌ قَفْرَاءُ									مروان	
147		done	أرض مروية	صفة	أرضٌ مَرْوِيَّةٌ	مَرْوِيَّةٌ	مُرْواةٌ|مُرَوَّاةٌ		أرضٌ مَرْوِيَّةٌ									مروان	
148		done	الأقنية الفضائية|الأقنية الافتراضية	كلمة واحدة	الأَقْنِيَة الفضائية|الأقنية الافتراضية	الأقنية	القَنـَوَاتٌ		الأَقْنِيَة الفضائية / الافتراضية									مروان	
149		done	الدولتان الأعظم	صفة	الدَّوْلتانِ الأعظَمُ	الأعظَمُ	العُظْمَيانِ	الصفة تتبع موصوفها في الإفراد والتثنية والجمع	الدَّوْلتانِ الأعظَمُ									مروان	
150		done	الضرائب المجباة	كلمة واحدة	الضرائب المُجْبَاةُ	مُجْبَاةُ	مَجْبـِيَّةُ	الفعل هو: (جَبَى)، لا: (أجْبَى)	الضرائبُ المُجْبَاةُ									مروان	
151		done	المرتبة الأعلى	صفة	المرتبة الأعلى	الأعلى	العليا		في المرتبة الأعلى									مروان	
152		done	الموظفون المندبون	كلمة واحدة	مُنْدَبون	الْمُنْدَبون	مَنْدُوبون|مُنْتدَبون		الموظفون الْمُنْدَبون									مروان	
153		done	باب مقفول	كلمة واحدة	مَقْفُولٌ	مَقْفُولٌ	مُقْفَلٌ	(قَفَل): رجع من سَفره. (أقْفَلَ البابَ): أغْلَقَه بالقفل	قَفَلَ البابَ، فهو مَقْفُولٌ									مروان	
154		done	باب موصود	كلمة واحدة	مَوْصُودٌ	مَوْصُودٌ	مُوصَدٌ	(وَصَدَ الشيءُ): ثـَبـَتَ	بابٌ مَوْصُودٌ									مروان	
155		done	بساط داكن |سجادة داكنة	صفة	بساط داكن |سجادة داكنة	داكن|داكنة	أدْكن|دَكْناء		بساط داكن / سجادة داكنة									مروان	
156		done	بلد مزار	صفة	بلدٌ مُزَار	مُزَار	مَزُور	الفعل هو: (زار)، لا: (أزار)	هذا بلدٌ مُزَار									مروان	
157		done	تخطيط طاقوي	كلمة واحدة	طاقوي	طاقوي	طاقيّ		تخطيط طاقوي									مروان	
158		done	ثوب محاك	صفة	ثوبٌ مُحَاكٌ	مُحَاكٌ	مَحُوكٌ|مَحِيكٌ	الفعل هو: (حاك)، لا: (أحاك)	ثوبٌ مُحَاكٌ									مروان	
159		done	ثوب مخاط	صفة	ثوبُ مُخَاطٌ	مُخَاطٌ	مَخِيطٌ	الفعل هو: (خاط)، لا: (أخاط)	هذا الثوبُ مُخَاطٌ في المصنع									مروان	
160		done	ثوب مفتخر	صفة	ثوبٌ مُفْتَخَر	مُفْتَخَر	فاخِر		ثوبٌ مُفْتَخَر									مروان	
161		done	حديث شـيق	صفة	حديثٌ شـَيِّقٌ	شـَيِّقٌ	شـَائِقٌ|مُشـَوِّق	(الشَّـيِّقُ): المشتاق	حديثٌ شـَيِّقٌ									مروان	
162		done	حديثـه قاصر على الشعر	صفة	حديثـُهُ قَاصِرٌ على الشعر	قَاصِرٌ	مَقْصُورٌ		حديثـُهُ قَاصِرٌ على الشعر									مروان	
163		done	حسن المعشر	صفة	حَسَنُ المَعْشَر	المَعْشَر	العِشْرَة	(المَعْشـَر): كلُّ جماعةٍ أمرُهم واحد	فلانٌ حَسَنُ المَعْشَر									مروان	
164		done	حلية مصاغة	كلمة واحدة	مُصَاغَةٌ	مُصَاغَةٌ	مَصُوغَةٌ	الفعل هو: (صاغ)، لا: (أصاغ)	حِلْيَةٌ مُصَاغَةٌ									مروان	
165		done	رجال ثقاة	كلمة واحدة	ثِقَاةٌ	ثِقَاةٌ	ثِقَاتٌ		رِجَالٌ ثِقَاةٌ									مروان	
166		done	رجل بسيط	صفة	رَجلٌ بسيط	بسيط	غِرٌّ|ساذَج|مُغَفَّل	(رجلٌ بسيط): منبسط اللسان. (رجلٌ بسيط الوجه): إذا كان متهلّلاً منشرحاً. (رجلٌ بسيط اليدين): إذا كان كريماً مِسْماحاً	رَجلٌ بسيط									مروان	
167		done	رجل مهاب	صفة	رَجُلٌ مُهَابٌ	مُهَابٌ	مَهِيبٌ	(أهاب): دعا، وصاح	قاضِينا رَجُلٌ مُهَابٌ									مروان	
168		done	رجل مهووس	صفة	رجلٌ مَهْوُوس	مَهْوُوس	مُهَوَّس	(هَاسَ فلانٌ): أكل شديداً، وطاف بالليل في جُرْأ، (هَوَّسَ اللّهُ فلاناً): جَعَلَهُ ذا هَوَس، (الهَوَس): طَرَفٌ من الجنون.	رجلٌ مَهْوُوس									مروان	
169		done	سر مصان	صفة	سِرٌّ مُصَانٌ	مُصَانٌ	مَصُونٌ	الفعل هو: (صان)، لا: (أصان)	سِرٌّ مُصَانٌ									مروان	
170		done	شر مهاج	صفة	شرٌّ مُهاج	مُهاج	مَهِيج		شرٌّ مُهاج									مروان	
171		done	شراب مثـلج	صفة	شرابٌ مُثـَلَّجٌ	مُثـَلَّجٌ	مَثـْلُوجٌ		شرابٌ مُثـَلَّجٌ									مروان	
172		done	شـفوق على	كلمة واحدة	شـَفُوقٌ على	شـَفُوقٌ	شـَفِيقٌ		فلانٌ شـَفُوقٌ على ابنه									مروان	
173		done	ضوء مبهر	صفة	ضوءٌ مُبْهِرٌ	مُبْهِرٌ	باهِرٌ	(أبْهَرَ الرجلُ): جاء بالعَجَب	ضوءٌ مُبْهِرٌ									مروان	
174		done	عطاء نـذر	صفة	عَطاءٌ نـَذْرٌ	نـَذْرٌ	نـَزْرٌ	(النذْر): ما يوجبه المرء على نفسه من صدقة أو نحوها	عَطاءٌ نـَذْرٌ									مروان	
175		done	عمل محط بشرفه	صفة	عملٌ مُحِطٌّ بشرفه	مُحِطٌّ	حاطٌّ|بشرفه	الفعل هو: (حَطَّ)، لا: (أحَطَّ)	عملٌ مُحِطٌّ بشرفه									مروان	
176		done	عيد مبروك	تعبير	عيد مبروك	مبروك	مبارك										replace.txt	مروان	
177		done	غاو للموسيقى	صفة	غَاوٍ للموسيقى	غاو|غاوي	هَاوٍ	(الغاوي): الضال	فلانٌ غَاوٍ للموسيقى, وهم غواة									مروان	
178		done	فتاة مصون	صفة	فتاةٌ مَصُون	مَصُون	مَصُونـَةٌ	(مصون) على وزن (مفعول)، لا على وزن (فَعُول)	فتاةٌ مَصُون									مروان	
179		done	قوسان معكوفتان	كلمة واحدة	معكوفتان	معكوفتان	معقوفتان		قوسان معكوفتان									مروان	
180		done	كثير الشـراهة	صفة	كثير الشـَّرَاهَةِ	الشـَّرَاهَةِ	الشـَّرَه		فلانٌ كثير الشـَّرَاهَةِ إلى الطعام									مروان	
181		done	كثيرة المخاطر	صفة	كثيرةُ المَخاطِر	المَخاطِر	الأخْطار		أرضٌ كثيرةُ المَخاطِر									مروان	
182		done	كلام جذل	صفة	كلامٌ جَذْلٌ	جَذْلٌ	جَزْلٌ		كلامٌ جَذْلٌ									مروان	
183		done	كلام مقال	صفة	كلامٌ مُقَالٌ	مُقَالٌ	مَقُولٌ	(أقالَ البيعَ): فسَخـَهُ. (أقالَ عثـْرَتَه): تجاوز عنه. (أقالَه من عمله): نحّاه عنه	كلامٌ مُقَالٌ									مروان	
184		done	مرتبة أدنى	صفة	مرتبة أدنى	أدنى	دنيا		في المرتبة الأدنى									مروان	
185		done	معاش فيها	كلمة واحدة	مُعاشٌ فيها	معاش	مَعِيشٌ	الفعل هو: (عاش)، لا: (أعاش)	الحالُ مُعاشٌ فيها									مروان	
186		done	معفية من الحسم | معفوة من الحسم	صفة	مَعْفِيَّةٌ من الحسم | مَعْفُوَّةٌ من الحسم	معفية|معفوة	مُعْفاةٌ	الفعل هو: (أعفى)، لا: (عفا)	المبالغ مَعْفِيَّةٌ / مَعْفُوَّةٌ من الحسم									مروان	
187		done	مقاد من بعد	صفة	مُقَادٌ من بُعد	مقاد	مَقُودٌ	(أقادَ القاتلَ بالقتيل): قتَلَهُ به قَوْداً. (أقادَهُ خيلاً): أعطاهُ إيّاها ليقودَها	هذا الجهاز مُقَادٌ من بُعد									مروان	
188		done	مقاس بالمتر	صفة	مُقَاسٌ بالمتر	مقاس	مَقِيسٌ	الفعل هو: (قاسَ)، لا: (أقاسَ)	مُقَاسٌ بالمتر									مروان	
189		done	مكان دافئ	صفة	مكانٌ دافِئٌ	دافِئٌ	دَفِيءٌ|دَفِئٌ		مكانٌ دافِئٌ									مروان	
190		done	ممتن لك|ممنـون لك	صفة	مُمْتَنٌّ لك|مَمْنـُونٌ لك	|مَمْنـُونٌ	شَاكِرٌ	(الممنون): المقطوع.(امْتنَّ عليه): ذكّره بنعمته عليه وآذاه بمَنـِّهِ	أنا مُمْتَنٌّ / مَمْنـُونٌ لك									مروان	
191		done	موشك على الإفلاس	تعبير	مُوشِكٌ على الإفلاس	مُوشِكٌ	مشرف		فلانٌ مُوشِكٌ على الإفلاس									مروان	
192		done	موشك على الإفلاس	تعبير	مُوشِكٌ على الإفلاس	مُوشِكٌ	وشْك		فلانٌ مُوشِكٌ على الإفلاس									مروان	
193		done	موضع واطئ	صفة	مَوْضِعٌ وَاطِئٌ	وَاطِئٌ	وَطِيء|منخفض	(الواطئ) اسم فاعل من (وطئ)	مَوْضِعٌ وَاطِئٌ									مروان	
194		done	نـصل مدبب	صفة	نـَصْلٌ مُدَبَّبٌ	مُدَبَّبٌ	مُذَبَّب|حادٌّ	(دَبَّبَهُ): جَعَلَهُ يَدِبّ	نـَصْلٌ مُدَبَّبٌ									مروان	
195		done	وجه صبوح	صفة	وجْهٌ صَبُوحٌ	صَبُوحٌ	صَبـِيحٌ	(الصَّبُوح): ما يشرب أو يؤكل في الصباح، ويقابله (الغَبُوق) في المساء	وجْهٌ صَبُوحٌ									مروان	
196		done	وحش كاسر	صفة	وَحْشٌ كاسِرٌ	كاسِرٌ	ضارٍ|مُفْتَرِس	(الكاسِر) صفة للطائر الجارح، يقال: نـَسْرٌ كاسِرٌ	وَحْشٌ كاسِرٌ									مروان	
197		done	وقع مغشى عليه	مفعول مطلق	وقَعَ مُغْشىً عليه	مُغْشىً	مَغْشِيّاً	الفعل هو: (غُشِيَ عليه)، لا: (أُغْشِيَ عليه)	وقَعَ مُغْشىً عليه									مروان	
198		done	وقف مذهولا	مفعول مطلق	وقف مذهولاً	مذهول	ذاهِلاً|مدهوشاً		وقف مذهولاً لا يدري ما يفعل									مروان	
199		done	يوم عتيد	صفة	يومٌ عَتِيدٌ	عَتِيدٌ	مُنتَظَرٌ	(العتيد): المُهَيَّأُ والحاضرُ والمُعَدُّ	هذا يومٌ عَتِيدٌ									مروان	
200	verb_200	done	أحاطه علما	فعل	أَحَاطَهُ عِلْماً	أَحَاطَ علم	أعلم	(أحاط) فعلٌ لازم	أَحَاطَهُ عِلْماً	أَعْلَمَهُ	1	1	yes		N.*;--.?	1		مروان	
201	verb_201	done	أحنـى رأسه	فعل	أَحْنـَى رأسَهُ	أَحْنَى رأس	حنى	(أَحْنـَى عليه): عطف عليه	أَحْنـَى رأسَهُ	حَنـَى رأسَهُ	1	1	yes		N.*;--.?	1		مروان	
202	verb_202	done	أحيطكم علما	فعل	أُحِيطُكم علماً	أَحَاطَ علم	أعلم		أُحِيطُكم علماً بكذا	أُعْلِمُكم بكذا	1	1	yes		N.*;--.?	1		مروان	
203	verb_203	done	أحيطكم علما	فعل	أُحِيطُكم علماً	أَحَاطَ علم	تحيطوا علماً		أُحِيطُكم علماً بكذا	أرجو أن تحيطوا علماً بكذا	1	1	yes		N.*;--.?	1		مروان	
204	verb_204	done	استقرضت مالا	فعل	استقرضتُ مالاً	اِسْتَقْرَضَ مال	اقترض	(الاستقراض): طلب القرض	استقرضتُ مالاً	اقترضتُ مالاً	1	1	yes		N.*;--.?	1		مروان	
205	verb_205	done	استقل السيارة	فعل	اسْتَقَلَّ السيارةَ	اِسْتَقَلَّ سيارة	ركب	(استقلَّ الشيءَ): حَمَلَه ورفعه	اسْتَقَلَّ فلانٌ السيارةَ	ركبَ فلانٌ السيارةَ	1	1	yes		N.*;--.?	1		مروان	
206	verb_206	done	استلفت ببلاغته الأنظار	فعل	اسْتَلْفَتَ ببلاغتِه الأنظارَ	اِسْتَلْفَتَ أنظار	اسْتَرْعَى		اسْتَلْفَتَ ببلاغتِه الأنظارَ	اسْتَرْعَى ببلاغتِه الأنظارَ	1	1	yes		N.*;--.?	1		مروان	
207	verb_207	done	استلفت ببلاغته الأنظار	فعل	اسْتَلْفَتَ ببلاغتِه الأنظارَ	اِسْتَلْفَتَ أنظار	لَفَتَ		اسْتَلْفَتَ ببلاغتِه الأنظارَ	لَفَتَ ببلاغتِه الأنظارَ	1	1	yes		N.*;--.?	1		مروان	
208	verb_208	done	استلم الرسالة	فعل	اسْتَلَمَ الرسالةَ	اِسْتَلَمَ رسالة	تَسَلَّمَ	(الاستلام) خاص بالحجر الأسود	اسْتَلَمَ الرسالةَ	تَسَلَّمَ الرسالةَ	1	1	yes		N.*;--.?	1		مروان	
209	verb_209	done	استمزج رأيه	فعل	اسْتَمْزَجَ رأيَه	اِسْتَمْزَجَ رأي	الْتَمَسَ|طَلَبَ		اسْتَمْزَجَ رأيَه	الْتَمَسَ رأيَه / طَلَبَ رأيَه	1	1	yes		N.*;--.?	1		مروان	
210	verb_210	done	استنسب الشيء	فعل	اسْتَنْسَبَ الشيءَ	اِسْتَنْسَبَ شيءَ	اسْتَحْسَنَ	(استنسبَ الرجُلُ): ذَكَرَ نسبَه. (استنسبَ الرجُلَ): سأله أن يذكر نسبه	اسْتَنْسَبَ الشيءَ	اسْتَحْسَنَ الشيءَ	1	1	yes		N.*;--.?	1		مروان	
211	verb_211	done	أسعفه إلى المستشفى	فعل	أسْعَفَهُ إلى المستشفى	أسْعَفَ إلى المستشفى	حَمَلَ	(أسعَفَ فلاناً بحاجته): قضاها له	أسْعَفَهُ إلى المستشفى	حَمَلَهُ إلى المستشفى	1	1	yes			1		مروان	
212	verb_212	done	أطلق سراح| فك سراح	فعل	أُطْلِقَ سراح| فُكَّ سَراحُ	أُطْلِقَ|فَكَّ سراح	أُطْلِقَ من أَسْرِهِ/ خٌلِّيَ سبيلُ		أُطْلِقَ / فُكَّ سَراحُهُ	أُطْلِقَ من أَسْرِهِ/ خٌلِّيَ سبيلُهُ	1	1	yes		N.*;--.?	1		مروان	
213	verb_213	done	أغدق الخير عليهم	فعل	أغْدَقَ الخيرَ على	أغْدَقَ خير	أسبغ |أفاضَ	(أغدق) فعلٌ لازم؛ تقول: (أغدقتِ الأرضُ): أخصبت	أغْدَقَ الخيرَ عليهم	أسبغ / أفاضَ الخيرَ عليهم	1	1	yes		N.*;--.?	1		مروان	
214	verb_214	done	أفدحه الدين	فعل	أَفْدَحَهُ الدَّيْنُ	أَفْدَحَهُ دين	فَدَحَ	الفعل هو: (فَدح)، لا: (أفدح)	أَفْدَحَهُ الدَّيْنُ	فَدَحَه الدَّيْنُ	1	1	yes		N.*;--.?	1		مروان	
215	verb_215	done	أفسح له في المجلس	فعل	أفْسَحَ له في المجلس	أفْسَحَ له في المجلس	فَسَحَ		أفْسَحَ له في المجلس	فَسَحَ له في المجلس	1	1	yes			1		مروان	
216	verb_216	done	اقتصدت مبلغا من المال	فعل	اقتصدتُ مبلغاً من المال	اِقْتَصَدَ مبلغ	ادَّخر	(اقتصد في النفقة): لم يسرف ولم يقتِّر	اقتصدتُ مبلغاً من المال	ادَّخرتُ مبلغاً من المال	1	1	yes		N.*;--.?	1		مروان	
217	verb_217	done	أقلع المعمل	فعل	أقلَعَ المعملُ	أقلَعَ معمل	انطلق		أقلَعَ المعملُ	انطلق المعملُ	1	1	yes		N.*;--.?			مروان	
218	verb_218	done	أكربه الغم	فعل	أَكْرَبَهُ الغَمُّ	أَكْرَبَ غم	كَرَبَ	(أَكْرَبَ الرجلُ): عَدَا. (أَكْرَبَ السِّقاءَ): ملأَه	أَكْرَبَهُ الغَمُّ	كَرَبَهُ الغَمُّ	1	1	yes		N.*;--.?	1		مروان	
219	exp_219	done	أمسى المساء	تعبير	أمسى المساء	أَمْسَى المساء	وافَى|دخل		أمسى المساء	وافَى المساء / دخل المساء	1	1	yes			1		مروان	
220	verb_220	done	أملأت الوعاء بالماء	فعل	أملأتُ الوعاءَ بالماء	أَمْلَأَ الوعاءَ بالماء	ملأ	(أَمْلأهُ): سبّب له الزكام	أملأتُ الوعاءَ بالماء	ملأتُ الوعاءَ بالماء	1	1	yes		N.*;--.?	1		مروان	
221	verb_221	done	انطلت عليه الحيلة	فعل	انْطَلَتْ عليه الحيلة	اِنْطَلَى عليه الحيلة	جَازَ		انْطَلَتْ عليه الحيلة	جَازَتْ عليه الحيلة	1	1	yes		N.*;--.?			مروان	
222	verb_222	done	أهاجه الأمر	فعل	أَهَاجَهُ الأمرُ	أَهَاجَ الأمرُ	هَاجَ	(أهاجتِ الريحُ النبتَ): أَيْبَسَتْهُ	أَهَاجَهُ الأمرُ	هَاجَهُ الأمرُ	1	1	yes		N.*;--.?	1		مروان	
223	verb_223	done	أوكل الأمر إلى|موكل إليه	فعل	أوْكَلَ الأمرَ إلى|مُوكَلٌ إليه	أوْكَلَ الأمرَ إلى	وَكَلَ		أوْكَلَ الأمرَ إلى فلان، فهو مُوكَلٌ إليه	وَكَلَ الأمرَ إلى فلان، فهو مَوْكُولٌ إليه	3	3	yes		N.*;--.?	1		مروان	
224	verb_224	done	أوكل الأمر إلى|موكل إليه	فعل	أوْكَلَ الأمرَ إلى|مُوكَلٌ إليه	أوْكَلَ الأمرَ إلى|مُوكَلٌ إليه	على		أوْكَلَ الأمرَ إلى فلان، فهو مُوكَلٌ إليه	أوْكَلَ الأمرَ على فلان، فهو مُوكَلٌ عليه	3	3	yes		N.*;--.?	1		مروان	
225	verb_225	done	برش الصابون	فعل	بَرَشَ الصابونَ	بَرَشَ صابون	بَشَرَ	(بَرِشَ الشيءُ): اختلف لونـُه	بَرَشَ الصابونَ	بَشَرَ الصابونَ	1	1	yes		N.*;--.?	1		مروان	
226	exp_226	done	تتراوح أعمارهم من	تعبير	تَتَرَاوَحُ أعمارُهم من	تَرَاوَحَ أعمارُهم من	تقع أعمارُهم بين		تَتَرَاوَحُ أعمارُهم من السابعة إلى العاشرة	تقع أعمارُهم بين السابعة والعاشرة	1	1	yes					مروان	
227	verb_227	ignore	تحابب الناس	فعل	تَحابَبَ الناسُ	تَحابَبَ ناس	تَحابَّ		تَحابَبَ الناسُ	تَحابَّ الناسُ	1	1	yes		N.*;--.?	1		مروان	
228	verb_228	done	تحصل على	فعل	تَحَصَّلَ على	تَحَصَّلَ على	حَصَلَ	(تـَحَصَّل الشيءُ): تَجَمَّعَ وثبت	تَحَصَّلَ على الشيءِ	حَصَلَ على الشيءِ	1	1	yes			1		مروان	
229	verb_229	done	ترأس الوزير اللجان	فعل	ترأَّسَ الوزيرُ اللجانَ	ترأَّسَ	رَأَسَ	(ترأَّسَ) فعلٌ لازم	ترأَّسَ الوزيرُ اللجانَ	رَأَسَ الوزيرُ اللجانَ	1	1	yes		N.*;--.?			مروان	
230	verb_230	done	تستر على	فعل	تستَّرَ على	تستَّرَ على	سَتَرَ	(تستَّرَ): احتجب	تستَّرَ فلانٌ على فلان	سَتَرَ فلانٌ على فلان	1	1	yes			1		مروان	
231	verb_231	done	تعطش إلى	فعل	تَعَطَّشَ إلى	تَعَطَّشَ إلى	عَطِش	(تعطَّش): تكلّف العطش	تَعَطَّشَ إلى لقائه فهو متعطِّش	عَطِش إلى لقائه فهو عَطِشٌ وعاطِش	1	1	yes			1		مروان	
232	verb_232	done	تعهد له	فعل	تعهّد ل	تَعَهَّدَ ل	تكفَّل	(تعهَّدََ الشيءَ): تفقَّدَهُ	تعهّد لـه بدفع هذا المبلغ	تكفَّل بدفع هذا المبلغ	1	1	yes		N.*;-L.?	1		مروان	
233	verb_233	done	تفتقد إلى	فعل	افتقد إلى	اِفْتَقَدَ إلى	افتقر		تفتقد قريتُنا إلى كثير من الخدمات	تفتقر قريتُنا إلى كثير من الخدمات	1	1	yes			1		مروان	
234	verb_234	done	تقطب الرجل	فعل	تَقَطَّبَ الرجُلُ	تَقَطَّبَ رجُلُ	قَطَبَ|قَطَّبَ	الفعل هو: (قَطَب) أو (قَطَّب)، لا: (تقطَّب)	تَقَطَّبَ الرجُلُ	قَطَبَ / قَطَّبَ الرجُلُ	1	1	yes		N.*;--.?	1		مروان	
235	verb_235	done	تلهف على | تلهف إلى	فعل	تلهَّفَ على | تلهف إلى	تلهَّفَ على | تلهف إلى	تشوَّقَ إلى	(التلهُّف): التحسّر والتوجع	تلهَّفَ عليه /إليه	تشوَّقَ إليه	1	1	yes		N.*;--.?	1		مروان	
236	verb_236	done	تمادى على	فعل	تمادى على	تَمَادَى على	تطاول		تمادى فلان على فلان	تطاول فلان على فلان	1	1	yes			1		مروان	
237	verb_237	done	تمعن في الامر	فعل	تَمَعَّنَ في الأمر	تَمَعَّنَ في أمر	أَمْعَنَ النظر	بالَغَ في استقصائه	تَمَعَّنَ في الامر	أَمْعَنَ النظر في الأمر = بالَغَ في استقصائه	1	1	yes		N.*;--.?	1		مروان	
238	verb_238	done	تمعن في الامر	فعل	تَمَعَّنَ في الأمر	تَمَعَّنَ في أمر	أنعم النظر	(تَمَعَّن): تصاغَرَ وتذلَّل, أنعم النظر في الأمر= أطال الفِكرة فيه	تَمَعَّنَ في الامر	أنعم النظر في الأمر = أطال الفِكرة فيه	1	1	yes		N.*;--.?	1		مروان	
239	verb_239	done	تنازل عن حقه	فعل	تنازل عن	تَنَازَلَ عن	نزل		تنازل فلانٌ عن حقِّه	نزل فلانٌ عن حقِّه	1	1	yes			1		مروان	
240	verb_240	done	تنقصه التجارب	فعل	تنقصه التجارب	نَقَصَ تجارب	تُعْوِزُه		هو عالِمٌ فذ ولكن تنقصه التجارب	هو عالِمٌ فذ ولكن تُعْوِزُهُ التجارب	5	1	yes		N.*;--.?	1		مروان	
241	verb_241	done	توازعوه فيما بينهم	فعل	توازعوه فيما بينهم	تَوَازَعَ فيما بينهم	توزَّع	ليس في العربية (توازع)	توازعوه فيما بينهم	توزَّعوه فيما بينهم	1	1	yes			1		مروان	
242	verb_242	done	تولج الأمر بنفسه	فعل	تولّج الأمرَ بنفسه	تَوَلَّجَ أمرَ بنفسه	تولّى|تقلّد	(تولّج): دخل	تولّج الأمرَ بنفسه	تولّى / تقلّد / الأمرَ بنفسه	1	1	yes		N.*;--.?	1		مروان	
243	verb_243	done	جرد لون القميص	فعل	جَرَدَ لونُ القميص	جَرَدَ لونُ القميص	نـَصَلَ	(جَرِدَ الثوبُ): أَخْلَق. (جَرَد): قَشَر	جَرَدَ لونُ القميص	نـَصَلَ لونـُه	1	1	yes		N.*;--.?	1		مروان	
244	verb_244	done	حلقت ذقنه|حلق ذقنه	فعل	حلقت ذقَنه|حلق ذقنه	حَلَقَ¦أحْلَقَ ذقن	لِحيتي|لحيته	(الذقَن): مجتمع اللَّحْيَيْن من أسفلهما. (اللِّحية): شعر الخدَّين والذقَن	حلقتُ ذقَني	حلقتُ لِحيتي	2	2	yes		N.*;--.?	1		مروان	
245	verb_245	done	داهمنا العدو	فعل	داهَمَنا العدوُّ	دَاهَمَ عدوُّ	دَهَمَ		داهَمَنا العدوُّ	دَهَمَنا العدوُّ	1	1	yes		N.*;--.?	1		مروان	
246	verb_246	done	داوله في الأمر	فعل	دَاوَلَهُ في الأمرِ	دَاوَلَ في أمرِ	شـَاوَرَ|باحثَ	(داوَل الشيءَ بينهم): جعله متداولاً، تارة لهؤلاء وتارة لهؤلاء	دَاوَلَهُ في الأمرِ	شـَاوَرَهُ / باحثـَه في الأمرِ	1	1	yes			1		مروان	
247	verb_247	done	دلف السقف	فعل	دَلَفَ السقفُ	دَلَفَ سقفُ	وَكَفَ	(دَلَفَ الشيخُ): مشى مَشْياً بَطيئاً كمَن يَزحَف	دَلَفَ السقفُ	وَكَفَ السقفُ	1	1	yes		N.*;--.?	1		مروان	
248	verb_248	done	دهسته السيارة	فعل	دَهَسَتْهُ السيارةُ	دَهَسَ سيارةُ	دَعَسَ		دَهَسَتْهُ السيارةُ	دَعَسَتْهُ السيارةُ	1	1	yes		N.*;--.?	1		مروان	
249	verb_249	done	رتا الثوب|رثا الثوب	فعل	رَتا الثوب|رَثا الثوبَ	رَتَا|رَثا ثوبَ	رَفا|رَفأَ	(رَتا الرجُلُ): خـَطَا. (رَثاه): بَكاهُ وعَدَّدَ مَحاسِنـَه	رَتا / رَثا الثوبَ	رَفا / رَفأَ الثوبَ	1	1	yes		N.*;--.?	1		مروان	
250	verb_250	done	رشيت فلانا	فعل	رَشَيْتُ فلاناً	رَشَيْتُ فلان	رَشَوْتُ فلاناً		رَشَيْتُ فلاناً	رَشَوْتُ فلاناً	1	1	yes		N.*;--.?	1		مروان	
251	verb_251	done	رضخ لمشيئته	فعل	رَضَخَ لمشيئته	رَضَخَ ل	خَضَعَ| أَذْعَنَ|عَنـَا	(رَضَخَ الشيءَ): كَسَرَه	رَضَخَ لمشيئته	خَضَعَ / أَذْعَنَ / عَنـَا لمشيئته	1	1	yes		N.*;-L.?	1		مروان	
252	verb_252	done	سحب شكوى	فعل	سَحَبَ شكوى	سَحَبَ شكوى	اسْتَرَدَّ	(سحب الشيءَ): جَرَّهُ على وجه الأرض	سَحَبَ شكواه	اسْتَرَدَّ شكواه	1	1	yes		N.*;--.?	1		مروان	
253	verb_253	done	سرع العمل	فعل	سَرَّعَ العملَ	سَرَّعَ عملَ	أسرَعَ		سَرَّعَ العملَ	أسرَعَ العملَ	1	1	yes		N.*;--.?	1		مروان	
254	verb_254	done	شحنـت البضاعة إلى السفينة	فعل	شُحِنـَتِ البضاعةُ إلى	شَحَِنَ بضاعةُ إلى	حَمَلَ| نَقَلَ	(شُحِنت السفينةُ بالبضاعة): مُلِئت بالبضاعة	شُحِنـَتِ البضاعةُ إلى السفينة	حُمِلَتْ / نُقِلَتْ البضاعةُ إلى السفينة	1	1	yes		N.*;--.?	1		مروان	
255	verb_255	done	شـعت الشمس	فعل	شـَعَّتِ الشمسُ	شَعَّ شمسُ	أَشـَعَّ	(شعَّ): تفرَّق وانتشر	شـَعَّتِ الشمسُ	أَشـَعَّتِ الشمسُ	1	1	yes		N.*;--.?	1		مروان	
256	verb_256	done	صلح أخطاء	فعل	صَلَّحَ أخطاءَ	صَلَّحَ أخطاءَ	صَحَّحَ		صَلَّحَ أخطاءَ الكتاب	صَحَّحَ أخطاءَ الكتاب	1	1	yes		N.*;--.?	1		مروان	
257	verb_257	done	صلح السيارة	فعل	صَلَّحَ السيَّارةَ	صَلَّحَ سيَّارةَ	أَصْلَحَ		صَلَّحَ السيَّارةَ	أَصْلَحَ السيارةَ	1	1	yes		N.*;--.?	1		مروان	
258	verb_258	done	عداه بالمرض	فعل	عَدَاهُ بالمرض	عَدَى مرض	أَعْدَى	(عدا): جَرَى، وسَرَق، وجَاوَزَ وتَرَك	عَدَاهُ بالمرض	أَعْدَاهُ بالمرض	1	1	yes		N.*;-B.?	1		مروان	
259	verb_259	review	عشب الأرض	فعل	عَشَّبَ الأرضَ	عَشَّبَ أرضَ	اجتزَّ عُشبَ| نزع عُشب	(عَشَّبَ) فعلٌ لازم، تقول: (عَشَّبَتِ الأرضُ): كثـُر عُشبها	عَشَّبَ الأرضَ	اجتزَّ / نزع عُشبَ الأرض	1	1	yes		N.*;--.?	1		مروان	
260	verb_260	done	عفاه من الوظيفة	فعل	عَفَاهُ من الوظيفةِ	عَفَا من وظيفةِ	أَعْفَاهُ	(عفا عنه): صَفَحَ عنه. (عفا الأثرُ): زال	عَفَاهُ من الوظيفةِ	أَعْفَاهُ من الوظيفة	1	1	yes		N.*;--.?	1		مروان	
261	verb_261	done	غافل اللص	فعل	غافَلَ اللصُّ	غَافَلَ لصُّ	تغفَّلَ		غافَلَ اللصُّ الحارسَ ودخلَ البيتَ	تغفَّلَ اللصُّ الحارسَ ودخلَ البيتَ	1	1	yes		N.*;--.?	1		مروان	
262	verb_262	done	غطى المقال	فعل	غَطَّى المقالُ	غَطَّى مقالُ	شمل		غَطَّى المقالُ النـِّقاطَ المطلوبة	شمل المقالُ النـِّقاطَ المطلوبة	1	1	yes		N.*;--.?	1		مروان	
263	verb_263	review	غليت الماء|ماء مغلي	فعل	غَلَيْتُ الماءَ	غَلَيْتُ ماءَ	أَغْلَيْتُ|غَلَّيْتُ		غَلَيْتُ الماءَ، فهو مَغْلِيّ	أَغْلَيْتُ الماءَ، فهو مُغْلًى	1	1	yes		N.*;--.?	1		مروان	
264	adj_264	done	غليت الماء|ماء مغلي	صفة	ماء مَغْلِيّ	ماء مَغْلِيّ	ماء مُغَلًّى	(غَلَى) فعلٌ لازم	غَلَيْتُ الماءَ، فهو مَغْلِيّ									مروان	
265	verb_265	done	فلس التاجر	فعل	فَلَّسَ التاجرُ	فَلَّسَ تاجرُ	أَفْلَسَ	(فَلَّسَ القاضي التاجرَ): حَكَمَ بإفلاسه	فَلَّسَ التاجرُ	أَفْلَسَ التاجرُ	1	1	yes		N.*;--.?	1		مروان	
266	verb_266	done	قرف من	فعل	قَرِفَ من	قَرِفَ من	اشْمَأَزَّ	(قَرِفَ فلانٌ): دَانـَى المرضَ	قَرِفَ منه	اشْمَأَزَّ منه	1	1	yes		N.*;--.?	1		مروان	
267	verb_267	done	قفل الباب|باب مقفول	فعل	قَفَلَ البابَ	قَفَلَ بابَ	أَقْفَلَ	(قَفَل): رجع من سَفره. (أقْفَلَ البابَ): أغْلَقَه بالقفل	قَفَلَ البابَ، فهو مَقْفُولٌ	أَقْفَلَ البابَ، فهو مُقْفَلٌ	1	1	yes		N.*;--.?	1		مروان	
268	verb_268	done	كبده عناء شديدا	فعل	كَبَّدَهُ عناءً شديداً	كَبَّدَ عناءً شديداً	حَمَّلَ|جَشَّمَ	(كبَّدَتِ الشمسُ السماءَ): صارت في وَسَطها	كَبَّدَهُ عناءً شديداً	حَمَّلَهُ / جَشَّمَهُ عناءً شديداً	1	1	yes		N.*;--.?	1		مروان	
269	verb_269	done	كرى البيت	فعل	كَرَى البيتَ	كَرَى بيتَ	أَكْرَى	(كَرَى الأرضَ): حَفَرَهَا. (كَرِيَ الرجلُ): نـَعَسَ أو نامَ	كَرَى البيتَ	أَكْرَى البيتَ	1	1	yes		N.*;--.?	1		مروان	
270	verb_270	done	كسر القانون	فعل	كَسَرَ القانونَ	كَسَرَ قانونَ	خَالفَ		كَسَرَ القانونَ	خَالفَ القانونَ	1	1	yes		N.*;--.?	1		مروان	
271	exp_271	done	لا يتمشى مع	تعبير	لا يتمشَّى مع	لا يتمشَّى مع	ينافي		هذا العمل لا يتمشَّى مع الأخلاق	هذا العمل ينافي الأخلاق								مروان	
272	verb_272	done	لجم الجواد	فعل	لَجَمَ الجوادَ	لَجَمَ جوادَ	ألْجَمَ	(لَجَمَ الثوبَ): خاطَه	لَجَمَ الجوادَ	ألْجَمَ الجوادَ	1	1	yes		N.*;--.?	1		مروان	
273	verb_273	done	لصق الورق بالصمغ	فعل	لَصَقَ الورقَ بالصمغِ	لَصَقَ ورقَ بالصمغِ	أَلْصَقَ	(لَصِقَ الشيءُ بغيره): لَزِقَ به. وهو فعلٌ لازم	لَصَقَ الورقَ بالصمغِ	أَلْصَقَ الورقَ بالصمغِ	1	1	yes		N.*;--.?	1		مروان	
274	verb_274	done	لغا المشروع| مشروع لاغ	فعل	لَغَا المشروعَ	لَغَا مشروعَ	أَلْغَى	(لغا الشيءُ): بَطَلَ، وهو فعلٌ لازم.. يقال: (بَطَلَ البيعُ، فالبيع باطلٌ/لاغٍ)	لَغَا خالدٌ المشروعَ، فالمشروعُ لاغٍ	أَلْغَى خالدٌ المشروعَ، فالمشروعُ مُلْغًى	1	1	yes		N.*;--.?	1		مروان	
274	adj_274	done	لغا المشروع| مشروع لاغ	صفة	مشروعُ لاغٍ	مشروعُ لاغٍ	مشروعُ مُلْغًى	(لغا الشيءُ): بَطَلَ، وهو فعلٌ لازم.. يقال: (بَطَلَ البيعُ، فالبيع باطلٌ/لاغٍ)	لَغَا خالدٌ المشروعَ، فالمشروعُ لاغٍ									مروان	
275	verb_275	done	لفظ أنفاسه	فعل	لفظ أنفاسَه	لَفَظَ أنفاس	انقضى| انقطع		لفظ فلانٌ أنفاسَه	انقضتْ / انقطعتْ أنفاسُ فلان	1	1	yes		N.*;--.?	1		مروان	
276	verb_276	done	مزح مع	فعل	مَزَحَ مع	مَزَحَ مع	مَازَحَ	(مزح خالدٌ مع سعيد) تعني أنهما مزحا معاً، لا أنّ خالداً هو المازِح. ولو شارك سعيدٌ في المزح لقلنا: تمازَحَا	مَزَحَ خالدٌ مع سعيدٍ	مَازَحَ خالدٌ سعيداً	1		yes			1		مروان	
277	verb_277	done	نغز الدابة	فعل	نغز الدابةَ	نَغَزَ دابةَ	نخز		نغز الدابةَ بعصاه	نخز الدابةَ بعصاه	1	1	yes		N.*;--.?	1		مروان	
278	verb_278	done	نـفذ صبره	فعل	نـَفَذَ صَبْرُهُ	نَفَذَ صَبْرُ	نـَفِدَ		نـَفَذَ صَبْرُهُ	نـَفِدَ صَبْرُهُ	1	1	yes		N.*;--.?			مروان	
279	verb_279	review	نـملت رجله	فعل	نـَمَّلَتْ رِجْلُهُ	نَمَّلَ رِجْلُ	نـَمِلَ| خَدِرَ		نـَمَّلَتْ رِجْلُهُ	نـَمِلَتْ / خَدِرَتْ رِجْلُهُ	1	1	yes		N.*;--.?			مروان	
280	verb_280	done	هدس في الأمر	فعل	هَدَسَ في الأمر	هَدَسَ في الأمر	هَجَسَ الأمرُ في صدره		هَدَسَ في الأمر	هَجَسَ الأمرُ في صدره	1	1	yes		N.*;--.?	1		مروان	
281	verb_281	done	وجد عليه	فعل	وَجَدَ عليه	وَجَدَ عليه	حَزِنَ	(وجَدَ عليه): غَضِبَ عليه، (وَجَدَ به): أَحَبَّه	وَجَدَ عليه	حَزِنَ عليه	1	1	yes		N.*;--.?	1		مروان	
282	verb_282	done	وفى الكيل	فعل	وَفَى الكَيْلَ	وَفَى كَيْلَ	أَوْفَى		وَفَى الكَيْلَ	أَوْفَى الكيلَ	1	1	yes		N.*;--.?	1		مروان	
283	verb_283	done	وقدت الحطب	فعل	وَقَدْتُ الحطبَ	وَقَدَ حطبَ	أوْقَدْ		وَقَدْتُ الحطبَ	أوْقَدْتُ الحطبَ	1	1	yes		N.*;--.?	1		مروان	
284	verb_284	done	ولع النار	فعل	وَلَّعَ النارَ	وَلَّعَ نارَ	أَشْعَلَ|أَوْقَدَ	(وَلَّع فلاناً به): أغراه	وَلَّعَ النارَ	أَشْعَلَ / أَوْقَدَ النارَ	1	1	yes		N.*;--.?	1		مروان	
285	verb_285	done	يتماشى مع	فعل	يتماشى مع	تَمَاشَى مع	طابق| جاري | ساير | شايع	فاعل (تماشى) لا يكون إلا مثنى أو جمعاً	هذا العمل لا يتماشى مع القانون	هذا العمل لا يطابق / يجاري القانون هذا العمل لا يساير / يشايع القانون	4	1	yes			1		مروان	
286	verb_286	done	يسري الحكم من	فعل	يَسْرِي الحُكْمُ من	سَرَى حُكْمُ من	نَفُذَ	(سرى): سار ليلاً، دبّ تحت الأرض	يَسْرِي الحُكْمُ من أول الشهر	يَنْفُذُ الحُكْمُ من أول الشهر	1	1	yes		N.*;--.?	1		مروان	
287	verb_287	done	يطالها القانون	فعل	يَطالُها القانون	طَالَ قانون	يَطولُها القانون		هذه جرائمُ يَطالُها القانون	هذه جرائمُ يَطولُها القانون	3	1	yes		N.*;--.?	1		مروان	
288	verb_288	done	يطهي الطعام	فعل	يَطْهِي الطعامَ	يَطْهِي طعامَ	يَطْهُو الطعامَ		يَطْهِي الطعامَ	يَطْهُو الطعامَ طَهْواً وطَهْياً	1	1	yes		N.*;--.?	1		مروان	
289	verb_289	done	يلعب دورا رئيسيا	فعل	يلعب دوراً رئيسياً	لَعِبَ دوراً رئيسياً	يؤدي		يلعب دوراً رئيسياً	يؤدي دوراً رئيسياً	1	1	yes		N.*;--.?	1		مروان	
290	verb_290	done	ينقصه شيء	فعل	ينقصه شيء	نَقَصَ شيء	عاز		العمل جيد لا ينقصه شيء	العمل جيد لا يُعْوِزُهُ شيء	1	1	yes		N.*;--.?	1		مروان	
291	exp_291	done	ينـوف العدد على	تعبير	يَنـُوفُ العددُ على	نَافَ العددُ على	يُنِيفُ العدد على| يُنـَيِّفُ العددُ على	(ناف الشيءُ): علا وارتفع وأشرَف	يَنـُوفُ العددُ على كذا	يُنِيفُ / يُنـَيِّفُ العددُ على كذا	1	1	yes		N.*;--.?	1		مروان	
292	verb_292	done	اختلى بها	فعل	اخْتَلَى بها	اخْتَلَى بها	خَلا بها | خلا إليها |خلا معها	(اختلى البقلَ): احتشَّه؛ أي: انتزعه	اخْتَلَى بها	خَلا بها / إليها / معها	1	1	yes		N.*;-B.?	1		مروان	
293	verb_293	done	أخطر ب	فعل	أَخْطَرَ ب	أَخْطَرَ ب	أنْذَر		أَخْطَرَهُ بكذا	أنْذَرَهُ بكذا	1	1	yes		N.*;-B.?	1		مروان	
294	verb_294	done	صادق المجلس على القرار	فعل	صادق المجلسُ على القرار	صَادَقَ على	صدّق | أقرّ | أجاز		صادق المجلسُ على القرار	صدّق / أقرّ / أجاز المجلسُ القرارَ	1	1	yes		N.*;--.?	1		مروان	
295		done	ذاتا مكانة	كلمة واحدة	ذاتا	ذاتا	ذواتا	(ذاتا) لا تصح إلا في الشعر	هاتان المرأتان ذاتا مكانةٍ عالية									مروان	
296		done	اختصاصي	كلمة واحدة	اختصاصيّ	اختصاصيّ	مُتَخَصِّصٌ|مُخْتَصٌّ		فلانٌ اختصاصيّ									مروان	
297		done	أخصائي| إخصائي	كلمة واحدة	أَخِصَّائِيٌّ| إخْصائِيّ	أَخِصَّائِيٌّ| إخْصائِيّ	مُتَخَصِّصٌ| مُخْتَصٌّ		فلانٌ أَخِصَّائِيٌّ / إخْصائِيّ									مروان	
298		done	الإلية	كلمة واحدة	الإِلْيَةُ	الإِلْيَةُ	الأَلْيَةُ		الإِلْيَةُ									مروان	
299		done	السواح	كلمة واحدة	السُّوَّاح	السُّوَّاح	السُّيَّاح	سَاحَ يَسِيحُ، لا: يَسُوح	السُّوَّاح									مروان	
300		done	بمثابة	كلمة واحدة	بمثابَةِ	بمثابَةِ	بمَنْزِلة	(المثابة): الموضع الذي يُرْجَعُ إليه، والجزاء، والثواب	أنتَ بمثابَةِ أبي									مروان	
301		done	بمثابة	كلمة واحدة	بمثابَةِ	بمثابَةِ	تقوم مَقام		هذه الأداة هي بمثابة حاسوب									مروان	
302		done	بمثابة	كلمة واحدة	بمثابَةِ	بمثابَةِ	تَسُدّ مَسَدّ		هذه الأداة هي بمثابة حاسوب									مروان	
303		done	بمثابة	كلمة واحدة	بمثابَةِ	بمثابَةِ	ك		وكانت له هذه المُرضِع بمثابة الأم									مروان	
304		done	لصالحه	كلمة واحدة	لِصَالِحِه	لِصَالِحِه	لِمَصْلَحَتِه		فَعَلَ ذلك لِصَالِحِه									مروان	
305		done	مسبقا	كلمة واحدة	مُسْبَقاً	مُسْبَقاً	سابقاً | سَلَفاً | قَبْلاً	(أسبَقَ إلى الأمر): بادر، وهو فعل لازم يتعدى بـ (إلى)	فَعَلَ ذلك مُسْبَقاً									مروان	
306		done	وبالتالي	كلمة واحدة	وبالتالي	وبالتالي	لذا|ف		قاتل بشجاعة وبالتالي استحقَّ الثناء									مروان	
307		done	وبالتالي	كلمة واحدة	وبالتالي	وبالتالي	ومن ثمّ		سعيد أكبر من خالد، وبالتالي ...									مروان	
308		done	يتواجد	كلمة واحدة	يتواجد	يتواجد	يوجد		يتواجد الحديد في الطبيعة بكثرة									مروان	
309		done	خطير | ذو خطورة	كلمة واحدة	خَطِير | ذو خُطُورَة	خَطِير | ذو خُطُورَة	شديد الْخَطَر	(الخطير): الرفيعُ المقام. (الخطورة): عِظَمُ الشَّأْن والمنزلة	موقفٌ خَطِير / ذو خُطُورَة									مروان	
310		done	خطير |ذو خطورة	كلمة واحدة	خَطِير |ذو خُطُورَة	خَطِير |ذو خُطُورَة	يُنذِرُ بالخطر|محفوف بالخطر	(الخطير): الرفيعُ المقام. (الخطورة): عِظَمُ الشَّأْن والمنزلة	موقفٌ خَطِير / ذو خُطُورَة									مروان	
311		done	أسطحة	كلمة واحدة	أَسْطِحَة	أَسْطِحَة	سُطُوح | أسْطُح		أَسْطِحَة									مروان	
312		done	أسقفة	كلمة واحدة	أَسْقِفَة	أَسْقِفَة	سُقُوف | أسْقُف| سُقُف		أَسْقِفَة									مروان	
313		done	أظافر	كلمة واحدة	أَظَافِر	أَظَافِر	أَظْفَار		أَظَافِر									مروان	
314		done	أكفاء	كلمة واحدة	أَكِفَّاء	أَكِفَّاء	أَكْفَاء |أكفياء |كُفاة	(أَكْفَاء) جَمْعُ (كُفْء)، وهو القادر على تصريف العمل. (أَكِفَّاء) جَمْعُ (كفيف)، وهو الأعمى. (أكفياء) جَمْعُ (كَفِيّ)، وهو الكافي (وجمعه كُفاة)، والذي يَكفيك ويُغنيك عن غيره	هؤلاء مدرِّسونَ أَكِفَّاء								diacritics.txt	مروان	
315		done	الأربعينات	كلمة واحدة	الأربعينات	الأربعينات	الأربعينيات	(أربعينات) جمعُ (أربعين)، أما (أربعينيات) فتعني السنوات المنسوبة إلى الأربعين، أي الدالة على سنوات عَقْدٍ يبدأ بسنة أربعين وينتهي بسنة تسع وأربعين	في الأربعينات من القرن الماضي									مروان	
316		done	التسعينات	كلمة واحدة	التسعينات	التسعينات	التسعينيات	(تسعينات) جمعُ (تسعين)، أما (تسعينيات) فتعني السنوات المنسوبة إلى التسعين، أي الدالة على سنوات عَقْدٍ يبدأ بسنة تسعين وينتهي بسنة تسع وتسعين	في التسعينات من القرن الماضي									مروان	
317		done	الثلاثينات	كلمة واحدة	الثلاثينات	الثلاثينات	الثلاثينيات	(ثلاثينات) جمعُ (ثلاثين)، أما (ثلاثينيات) فتعني السنوات المنسوبة إلى الثلاثين، أي الدالة على سنوات عَقْدٍ يبدأ بسنة ثلاثين وينتهي بسنة تسع وثلاثين	في الثلاثينات من القرن الماضي									مروان	
318		done	الثمانينات	كلمة واحدة	الثمانينات	الثمانينات	الثمانينيات	(ثمانينات) جمعُ (ثمانين)، أما (ثمانينيات) فتعني السنوات المنسوبة إلى الثمانين، أي الدالة على سنوات عَقْدٍ يبدأ بسنة ثمانين وينتهي بسنة تسع وثمانين	في الثمانينات من القرن الماضي									مروان	
319		done	الحصوة	كلمة واحدة	الحَصْوَةُ	الحَصْوَةُ	الحَصَاةُ		الحَصْوَةُ									مروان	
320		done	الخمارة	كلمة واحدة	الخمّارة	الخمّارة	الْمَخْمَرَة | الحانة	(الخمّارة): بائعةُ الخمر	الخمّارة									مروان	
321		done	الخمسينات	كلمة واحدة	الخمسينات	الخمسينات	الخمسينيات	(خمسينات) جمعُ (خمسين)، أما (خمسينيات) فتعني السنوات المنسوبة إلى الخمسين، أي الدالة على سنوات عَقْدٍ يبدأ بسنة خمسين وينتهي بسنة تسع وخمسين	في الخمسينات من القرن الماضي									مروان	
322		done	الزعتر	كلمة واحدة	الزَّعْتَر	الزَّعْتَر	السَّعْتَر | الصَّعْتَر		يُحبّ الزَّعْتَر									مروان	
323		done	السبعينات	كلمة واحدة	السبعينات	السبعينات	السبعينيات	(سبعينات) جمعُ (سبعين)، أما (سبعينيات) فتعني السنوات المنسوبة إلى السبعين، أي الدالة على سنوات عَقْدٍ يبدأ بسنة سبعين وينتهي بسنة تسع وسبعين	في السبعينات من القرن الماضي									مروان	
324		done	الستينات	كلمة واحدة	الستينات	الستينات	الستينيات	(ستينات) جمعُ (ستين)، أما (ستينيات) فتعني السنوات المنسوبة إلى الستين، أي الدالة على سنوات عَقْدٍ يبدأ بسنة ستين وينتهي بسنة تسع وستين	في الستينات من القرن الماضي									مروان	
325		done	الصالون	كلمة واحدة	الصالون	الصالون	البَهو		استقبل الضيوف في الصالون									مروان	
326		done	العشرينات	كلمة واحدة	العشرينات	العشرينات	العشرينيات	(عشرينات) جمعُ (عشرين)، أما (عشرينيات) فتعني السنوات المنسوبة إلى العشرين، أي الدالة على سنوات عَقْدٍ يبدأ بسنة عشرين وينتهي بسنة تسع وعشرين	في العشرينات من القرن الماضي									مروان	
327		done	الكادر	كلمة واحدة	الكادر	الكادر	المَلاك | المِلاك		الكادر									مروان	
328		done	الكرتون	كلمة واحدة	الكَرْتُون	الكَرْتُون	المُقَوَّى		الكَرْتُون									مروان	
329		done	الموانئ	كلمة واحدة	الموانئ	الموانئ	المواني		الموانئ									مروان	
330		done	الميزة	كلمة واحدة	المَيِّزَة	المَيِّزَة	المِيزَة |المَزِيَّة		المَيِّزَة								diacritics.txt	مروان	
331		done	الوريث	كلمة واحدة	الوَرِيثُ	الوَرِيثُ	الوَارِثُ	(الوريث) لم تسمع عن العرب	فلانٌ هو الوَرِيثُ الوحيد									مروان	
332		done	اليافطة	كلمة واحدة	اليافطة	اليافطة	اللافتة		اليافطة									مروان	
333		done	انذهل	كلمة واحدة	انْذَهَلَ	انْذَهَلَ	ذَهِلَ		انْذَهَلَ فلانٌ									مروان	
334		done	انعكاس	كلمة واحدة	انعكاس	انعكاس	أثر		وهذه الأرقام تبيّن انعكاس فقدان الأمن على الحالة الاقتصادية									مروان	
335		done	أنوية	كلمة واحدة	أنْوِيَة	أنْوِيَة	نـَوًى | نـَوَيات		أنْوِيَة									مروان	
336		done	بأكمله	كلمة واحدة	بأَكْمَلِه	بأَكْمَلِه	كُلَّه|جَميعَه|برُمَّته		اشتراهُ بأَكْمَلِه									مروان	
337		done	تحمم	كلمة واحدة	تَحَمَّمَ	تَحَمَّمَ	استَحَمَّ	(تَحَمَّمَ): اسودَّ	تَحَمَّمَ فلانٌ									مروان	
338		done	تشكل	كلمة واحدة	تشكّل	تشكّل	هي		هذه القواعد تشكّل محور البحث									مروان	
339		done	تشكل	كلمة واحدة	تشكل	تشكل			وهي في الحالتين تشكِّل أدوات هامة									مروان	
340		done	تصامم	كلمة واحدة	تَصَامَمَ	تَصَامَمَ	تَصَامَّ عن الحديث	يلازم الفعلُ المضعَّفُ الإدغامَ ما لم يتصلْ بضميرِ رفعٍ متحرِّك، نحو: تَصَامَمْتُ	تَصَامَمَ عن الحديث									مروان	
341		done	تطمين	كلمة واحدة	تَطْمِينُ	تَطْمِينُ	طَمأَنـَةُ	الفعل هو: (طمأن)، لا: (طَـمَّنَ)	تَطْمِينُ الناسِ									مروان	
342		done	تعكس	كلمة واحدة	تعكِس	تعكِس	تُظهِر |تفضح		ثم إن الرقابة تعكِس خوف السلطة									مروان	
343		done	جنوبي	كلمة واحدة	جنوبيَّ	جنوبيَّ	جنوبَ	(جنوبيّ المدينة): في الجهة الجنوبية داخل المدينة. (جنوب المدينة): في الجهة الجنوبية خارج المدينة	تقع دمشقُ جنوبيَّ حلب									مروان	
344		done	حكايا	كلمة واحدة	حكايا	حكايا	حكايات		حكايا									مروان	
345		done	خارطة	كلمة واحدة	خارِطَة	خارِطَة	مصوَّر |خَرِيطَة		خارِطَة									مروان	
346		done	خصيصا	كلمة واحدة	خِصِّيصاً	خِصِّيصاً	خِصِّيصَى|خاصاً		فَعَلَهُ خِصِّيصاً لك									مروان	
347		done	خضار|خضروات	كلمة واحدة	خُضارَ|خُضْرَوات	خُضارَ|خُضْرَوات	الخُضَر| الخَضْراوات		يُحبّ الخُضارَ / الخُضْرَوات									مروان	
348		done	خلوق	كلمة واحدة	خَلُوقٌ	خَلُوقٌ	حَسَنُ الخُلُق	(الخَلُوق): الطِّيب	فلانٌ خَلُوقٌ									مروان	
349		done	رئيف	كلمة واحدة	رئيف	رئيف	رؤوف		كان خالدٌ رئيفاً بصاحبه									مروان	
350		done	رتوش	كلمة واحدة	رتُوش	رتُوش	لمسة		وضع الرُّتـُوش الأخير									مروان	
351		done	رسومات	كلمة واحدة	رُسُومَات	رُسُومَات	رُسُوم | أَرْسُم		رُسُومَات									مروان	
352		done	رغم	كلمة واحدة	رَغْمَ	رَغْمَ	على الرغْم | بالرغْم		يحبُّها رَغْمَ كُرْهِها له									مروان	
353		done	رغم	كلمة واحدة	رَغْمَ	رَغْمَ	على| مع		يحبُّها رَغْمَ كُرْهِها له									مروان	
354		done	رفاة	كلمة واحدة	رُفاة	رُفاة	رُفاتُ	(رفات) اسمٌ مفردٌ مذَّكر	نـُقِلَتْ رُفاة الجندي									مروان	
355		done	سيما	كلمة واحدة	سيّما	سيّما	لا سيّما		سأحقِّقُ ما تريد سيّما..									مروان	
356		done	شـويا	كلمة واحدة	شـَوْياً	شـَوْياً	شـَـيًّا	تُقْلَبُ الواوُ في مصدر اللفيف المقرون ياءً، وتُدْغَمُ في الياءِ التي تليها	شَوَى اللحمَ شـَوْياً									مروان	
357		done	عرايا	كلمة واحدة	عَرَايَا	عَرَايَا	عُرْيانـُون	(عارٍ) جَمْعُهُ (عُراة)، و(عارية) جمعُها (عاريات)، و(عُرْيانة) جمعُها (عُرْيانات)	عَرَايَا									مروان	
358		done	عكست	كلمة واحدة	عكست	عكست	تركت		عكست الرحلة آثاراً طيبة على...									مروان	
359		done	فحوصات	كلمة واحدة	فُحُوصاتٍ	فُحُوصاتٍ	فُحُوصٍ		خَضَعَ لفُحُوصاتٍ طبية									مروان	
360		done	قفازات	كلمة واحدة	قُفّازات	قُفّازات	قَفافيز		قُفّازات									مروان	
361		done	كبلات	كلمة واحدة	كَبْلات	كَبْلات	أكْبُل|كُبُول|أكبال| كِبال		كَبْلات									مروان	
362		done	لوحده	كلمة واحدة	لِوَحْدِه	لِوَحْدِه	وَحْدَهُ	(وَحْد) منصوبٌ على الحال	سَافَرَ لِوَحْدِه									مروان	
363		done	مائة	كلمة واحدة	مائةُ	مائةُ	مئةُ		مائةُ صفحة									مروان	
364		done	متوعك	كلمة واحدة	مُتَوَعِّكٌ	مُتَوَعِّكٌ	مَوْعُوك| وَعِكٌ		فلانٌ مُتَوَعِّكٌ									مروان	
365		done	محلات	كلمة واحدة	مَحَلاَّت	مَحَلاَّت	مَحَالّ	(مَحَلاَّت) جَمْعُ (مَحَلَّة)، لا جَمْع (مَحَلّ)	مَحَلاَّت									مروان	
366		done	مدراء	كلمة واحدة	مدراءُ	مدراءُ	مُديرو		اجتمع مدراءُ المدارسِ									مروان	
367		done	مسبقا	كلمة واحدة	مسبقاً	مسبقاً	مقدَّماً		لا ترتجلْ محاضرتك! حضِّرها مسبقاً									مروان	
368		done	معاق	كلمة واحدة	مُعَاق	مُعَاق	مَعُوق		طفل مُعَاق									مروان	
369		done	مندهش	كلمة واحدة	مُنْدَهِش	مُنْدَهِش	دَهِشٌ |مدهوش		فلانٌ مُنْدَهِش									مروان	
370		done	نافوخ	كلمة واحدة	نافُوخِ	نافُوخ	يَافُوخ		ضَرَبَهُ على نافُوخِه									مروان	
371		done	نشط	كلمة واحدة	نَشِطٌ	نَشِطٌ	نشيطٌ | ناشطٌ		فلانٌ نَشِطٌ									مروان	
372		done	نصوح	كلمة واحدة	نَصُوحٌ	نَصُوحٌ	ناصِحٌ		رجلٌ نَصُوحٌ									مروان	
373		done	والتي	كلمة واحدة	والتي	والتي	التي		سنتبع سياسة الترغيب والتي ستكون..									مروان	
374		done	والذي	كلمة واحدة	والذي	والذي	الذي		سيبدأ قريباً الفصل الدراسي الثاني والذي مدته ثلاثة أشهر									مروان	
375		done	يشـكل	كلمة واحدة	يُشـَكِّل	يُشـَكِّل		(شـَكَّل): صَوَّرَ، وألَّفَ، وقَـيَّـدَ	الفدائيون يُشـَكِّلون خطراً عليهم									مروان	
376	trans_376	done	استأذن منه	متعدي بحرف	استأذن من	اِسْتَأْذَنَ من	ه		استأذن منه	استأذنه	2	2	yes			1		مروان	
377	trans_377	done	أمل ب|في	متعدي بحرف	أمَلَ ب|في		أمَلَ	الفعل (أمَلَ) يتعدّى بنفسه	أمَلَ بفلان / في فلان	أمل فلانا	2		yes			1		مروان	
378	trans_378	done	أيقن من	متعدي بحرف	أيقن من		أيقن|أيقن ب		أيقنتُ من الأمر	أيقنت الأمر، أيقنت بالأمر	2		yes			1		مروان	
379	trans_379	done	أيقن من	متعدي بحرف	أيقن من		استوثق| توثـَّقُ من		أيقنتُ من الأمر	أيقنت الأمر، أيقنت بالأمر	2		yes			1		مروان	
380	trans_380	done	تمادى على ضلاله	متعدي بحرف	تمادى على ضلاله	تمادى على	تمادى في	(تمادى في غيّه): لجَّ فيه وأطال مدى غيّه	تمادى فلان على ضلالـه	تمادى في طغيانه	2		yes			1		مروان	
381	trans_381	done	اتصل معه	متعدي بحرف	اتّصَلَ مع	اِتَّصَلَ مع	به		اتّصَلَ معه	اتصل بصديقة	2	2	yes			1		مروان	
382	trans_382	done	أجاب على	متعدي بحرف	أجاب على	أَجَابَ على	عن |إلى		أجاب على السؤال	أجاب عن السؤال	2	2	yes			1		مروان	
383	verb_383	done	احتار في	فعل	احْتَارَ في	اِحْتَارَ في	حَارَ | تحيَّر في		احْتَارَ في أمرِهِ		2	2	yes			1		مروان	
384	trans_ind2direct	done	احتذى ب	متعدي بحرف	احتذى ب	اِحْتَذَى ب			احتذيتُ بـفلان	احتذيت فلانا	2	2	yes		N.*;.*;-B.?	1		مروان	
385	trans_385	done	اختلفوا على	متعدي بحرف	اخْتَلَفُوا على	اِخْتَلَفَ على	في		اخْتَلَفُوا على الأمرِ	اختلفوا في الأمر	2	2	yes			1		مروان	
386	trans_ind2direct	done	أخطأ عن الصواب	متعدي بحرف	أَخْطَأَ عنِ الصواب	أَخْطَأَ عنِ			أَخْطَأَ عنِ الصوابِ	أخطأ الصواب	2	2	yes			1		مروان	
387	trans_387	done	أخطأت مع	متعدي بحرف	أَخْطَأْتُ مع	أَخْطَأْ مع	على	أخطأتُ مع فلان = أخطأ فلانٌ وأخطأتُ معه	أَخْطَأْتُ مع فلان	أخطأ على فلان	2	2	yes			1		مروان	
388	trans_ind2direct	done	أخلف بوعده	متعدي بحرف	أَخْلَفَ بوعدِهِ	أَخْلَفَ بوعدِهِ			أَخْلَفَ بوعدِهِ	أخلف وعده	2	2	yes		N.*;.*;-B.?	1		مروان	
389	trans_389	done	ارتاب من	متعدي بحرف	ارْتابَ من	اِرْتَابَ من	في		ارْتابَ من الأمرِ	ارتاب في الأمر	2	2	yes			1		مروان	
390	trans_ind2direct	done	ازدرى ب	متعدي بحرف	ازْدَرَى ب	اِزْدَرَى ب			ازْدَرَى بالشيء	ازدرى الشيء	2	2	yes		N.*;.*;-B.?	1		مروان	
391	trans_391	done	استعد إلى	متعدي بحرف	اسْتَعَدَّ إلى	اِسْتَعَدَّ إلى	ل		اسْتَعَدَّ إلى الأمر	استعد للأمر	2	2	yes			1		مروان	
392	trans_392	done	استغفر الله عن ذنبه	متعدي بحرف	استَغْفَرَ اللهَ عن ذنْبه	اِسْتَغْفَرَ عن	|ل|من		استَغْفَرَ اللهَ عن ذنْبه	استغفر الله لذنبه	3	2	yes			1		مروان	
393	trans_393	done	استنـد على	متعدي بحرف	اسْتَنـَدَ على	اِسْتَنـَدَ على	إلى		اسْتَنـَدَ على الشيء	استند إلى الأرض	2	2	yes			1		مروان	
394	trans_ind2direct	done	استوطن في	متعدي بحرف	استوطن في	اِسْتَوْطَنَ في			حَلّ خالد بحمص واستوطن فيها	استوطن البلاد	4-5	1-2	yes			1		مروان	
395	trans_395	done	أصحب ب	متعدي إلى مفعولين	أَصْحَبَ ب	أَصْحَبَ ب		(أصحب) يتعدّى بنفسه إلى مفعولين	أَصْحَبَنِي برسالةٍ	أصحب القافلة	1-2	1-2	yes		N.*;.*;-B.?	1		مروان	
396	trans_396	done	أصغى ل	متعدي بحرف	أَصْغَى ل	أَصْغَى ل	إلى		أَصْغَى لحديثِه	أصغى إلى الدرس	2	2	yes		N.*;.*;-L.?	1		مروان	
397	trans_397	done	اضطر ل |اضطر على	متعدي بحرف	اضْطُرَّ ل |اضطر على	اِضْطَرَّ ل |اِضْطَرَّ على	إلى		اضْطُرَّ للسفر / على السفر	اضطر إلى الدفع	2	2	yes		N.*;.*;-L.?	1		مروان	
398	trans_ind2direct	done	أطاح ب	متعدي بحرف	أَطَاحَ ب	أَطَاحَ ب		الفعل (أطاح) يتعدى بنفسه	أَطَاحَ بماله	أطاح الجدار	1-2	1-2	yes		N.*;.*;-B.?	1		مروان	
399	trans_ind2direct	done	اعتاد على	متعدي بحرف	اعْتَادَ على	اِعْتَادَ على			اعْتَادَ على الأمر	اعتاد الأمر	1-2	1-2	yes			1		مروان	
400	trans_400	done	اعتذر من	متعدي بحرف	اعْتَذَرَ مِن	اِعْتَذَرَ مِن	إلى |عن |من	(اعتذر مِن فلان): شكاه	اعْتَذَرَ مِن فلان	اعتذر إلى فلان	2	2	yes			1		مروان	
401	trans_401	done	أعطى إلى|أعطى ل	متعدي إلى مفعولين	أعْطَى إلى|أعطى ل	أعْطَى إلى|أعطى ل		(أعطى) يتعدّى بنفسه إلى مفعولين	أعْطَى إلى أخيه / لأخيه كتاباً	أعطى أخاه مالا	1-2	1-2	yes		N.*;.*;-L.?	1		مروان	
402	trans_ind2direct	done	أعلن عن	متعدي بحرف	أَعْلَنَ عن	أَعْلَنَ عن			أَعْلَنَ عن افتتاحِ الدورة	أعلن افتتاح الدورة	1-2	1-2	yes			1		مروان	
403	trans_403	done	أغرى على	متعدي بحرف	أَغْرى على	أَغْرَى على	ب		أَغْراهُ على البيع	أغراه بالبيع	2	2	yes			1		مروان	
404	trans_404	done	أفاض الحديث	متعدي بحرف	أفَاضَ الحديثَ	أَفَاضَ	في		أفَاضَ الحديثَ	أفاض في الشرح	1	1	yes			1		مروان	
405	trans_405	done	أهداه هدية	متعدي بحرف	أَهْدَاهُ هديّةً	أَهْدَى ه	ل|إلى	الفعل (أهدى) يتعدى إلى مفعول واحد	أَهْدَاهُ هديّةً	أهدى له مصحفا	1	1	yes			1		مروان	
406	trans_406	done	أيقن من	متعدي بحرف	أيقن من	أيقن من	كان من الأمر على يقين	(أيقن) يتعدى بنفسه أو بالباء	أيقنتُ من الأمر	أيقنت الأمر، أيقنت بالأمر	2	2	yes		N.*;.*;-B.?	1		مروان	
407	trans_407	done	بادر ل|ب	متعدي بحرف	بادَرَ ل|ب	بَادَرَ ل|ب	إلى		بادَرَ لفِعلِ / بفعلِ الشيء	بادرت إلى الصدقة	2	2	yes		N.*;.*;-L.?	1		مروان	
408	trans_408	done	تاجر ب	فعل	تاجَرَ ب	تَاجَرَ ب	اتَّجر في	(تاجَرَ فلانٌ فلاناً): اتَّجَرَ معه	تاجَرَ بكذا	اتَّجر في كذا	2	2	yes		N.*;.*;-B.?	1		مروان	
409	trans_ind2direct	done	تبع ل	متعدي بحرف	تبع ل	تَبِعَ ل			هذه الإدارةُ تَتْبَعُ لـوزارة كذا	هذه الإدارة تتبع وزارة الصناعة	3-4	1-2	yes		N.*;.*;-L.?	1		مروان	
410	trans_ind2direct	done	تحقق من الخبر	متعدي بحرف	تَحَقَّقَ من الخبرِ	تَحَقَّقَ من			تَحَقَّقَ فلانٌ من الخبرِ	تحقّقت الخبر	1-3	1-2	yes			1		مروان	
411	trans_411	done	تحكم ب	متعدي بحرف	تَحَكَّمَ ب	تَحَكَّمَ ب	في		تَحَكَّمَ بالشيءِ	تحكم في الطائرة	2	2	yes		N.*;.*;-B.?	1		مروان	
412	trans_ind2direct	done	تداول القوم في	متعدي بحرف	تداول القومُ في	تَدَاوَلَ في		(تداولوا الشيءَ): أخذه هؤلاء مرة، وأولئك أخرى	تداول القومُ في الشيء	تداولنا القضية	1-3	1-2	yes			1		مروان	
413	trans_413	done	ترأس الوزير اللجان	متعدي بحرف	ترأَّسَ الوزيرُ اللجانَ	تَرَأَّسَ	على		ترأَّسَ الوزيرُ اللجانَ	ترأس الوزير على الجلسة	1	1	yes			1		مروان	
414	trans_414	done	تربص ل	متعدي بحرف	تَرَبَّصَ ل	تَرَبَّصَ ل	ب		تَرَبَّصَ لفلان	تربصنا باللص	2	2	yes		N.*;.*;-L.?	1		مروان	
415	trans_415	done	تردد على	متعدي بحرف	تَرَدَّدَ على	تَرَدَّدَ على	إلى		تَرَدَّدَ على المكتبة	ترددت إلى مكتبي	2	2	yes			1		مروان	
416	trans_ind2direct	done	تروق ل	متعدي بحرف	  رَاقَ ل	رَاقَ		الفعل (راق) يتعدى بنفسه	كُـتُبٌ تَرُوقُ للقارئ	راقت القصة الطفل	2-3	1-2	yes		N.*;.*;-L.?	1		مروان	
417	trans_417	done	تعالوا عندنا	متعدي بحرف	تعالَوْا عندنا	تعالَوْا عندنا	إلينا		تعالَوْا عندنا	تعالوا إلينا للإفطار	2	2	yes					مروان	
418	trans_418	done	تعرف على	متعدي بحرف	تَعَرَّفَ على	تَعَرَّفَ على	إلى|ل	(أي: جعل المدير يعرفه؛ عرَّفه بنفسه)	تَعَرَّفَ الموظف على المدير	تعرفت إلى الصديق الجديد	3	2	yes			1		مروان	
419	trans_419	done	تعرف على	متعدي بحرف	تَعَرَّفَ على	تَعَرَّفَ على	ب	(أي: صار معروفاً عنده)	تَعَرَّفَ فلانٌ على صاحبه	تعرفت بالصديق النعسان	3	2	yes			1		مروان	
420	trans_420	done	تعصب ضد	متعدي بحرف	تَعَصَّبَ ضدَّ	تَعَصَّبَ ضدَّ	على	(تعصَّب لفلان وتعصّب معه): نـَصَرَه. (تعصّب على عدُوِّه): قاومَه وكان مع عصبته ضدّه	تَعَصَّبَ ضدَّ فلان	تعصبت الفتاة على الطبيب	2	2	yes			1		مروان	
421	trans_ind2direct	done	تعود على	متعدي بحرف	تَعَوَّدَ على	تَعَوَّدَ على			تَعَوَّدَ على القراءة	تعوّدت البنت القراءة	1-2	1-2	yes			1		مروان	
422	trans_422	done	تفادى	متعدي بحرف	تفادى	تَفَادَى	من		تفاديتُ الشيءَ	تفاديت من الشيء	1	1	yes			1		مروان	
423	trans_423	done	تقاعس في	متعدي بحرف	تَقَاعَسَ في	تَقَاعَسَ في	عن		تَقَاعَسَ في أداء واجبه	قد يتقاعس عن النهوض	2	2	yes			1		مروان	
424	trans_ind2direct	done	تقصى عن الأمر| استقصى عن الأمر	متعدي بحرف	تَقَصَّى عن الأمر| اسْتَقْصَى عن الأمر	تَقَصَّى عن| اسْتَقْصَى عن		(تقصّى) و(استقصى) يتعديان بنفسيهما، وأجاز ع تعديتهما بـ (في)	تَقَصَّى / اسْتَقْصَى عن الأمر	تقصّيت الحقيقة	4-5	1-2	yes			1		مروان	
425	trans_425	done	تمرس على	متعدي بحرف	تمرَّس على	تَمَرَّسَ على	ب		تمرَّس على الأعمال الدقيقة	تمرّس بالأعمال المكتبية	2	2	yes			1		مروان	
426	trans_426	done	تنافسوا على الأمر	متعدي بحرف	تَنافَسُوا على الأمرِ	تَنافَسَ على	في		تَنافَسُوا على الأمرِ	تنافسوا في حفظ القرآن	2	2	yes			1		مروان	
427	trans_427	done	تهافت الفراش إلى النور	متعدي بحرف	تَهَافَتَ الفراش إلى النور	تَهَافَتَ إلى	على		تَهَافَتَ الفراش إلى النور	تهافت الفراش على النور	3	2	yes			1		مروان	
428	trans_428	done	تهكم على	متعدي بحرف	تَهَكَّمَ على	تَهَكَّمَ على	ب	(تَهَكَّمَ على فلان): اشتد غضبه عليه	تَهَكَّمَ على فلان	تهكّم بالرجل	2	2	yes			1		مروان	
429	trans_429	done	توسل	متعدي بحرف	توسَّل	تَوَسَّلَ	ب	(توسَّل) لا يتعدى بنفسه, وإنما يتوصل إلى ما يستعين به بالباء	لم تنفعْه الحُجَجُ التي توسَّلها لتبرئته	توسّل بالرسول	5	1	yes			1		مروان	
430	trans_ind2direct	done	توطن في	متعدي بحرف	توطَّن في	تَوَطَّنَ في		(استوطن) و(توطَّن) فعلان متعديان	حَلّ خالد بحمص وتوطَّن فيها	توطّن المدينة	4-5	1	yes			1		مروان	
431	trans_ind2direct	done	حاز على	متعدي بحرف	حَازَ على	حَازَ على			حَازَ على جوائز كثيرة	حازت البنت الجوائر	1-2	1	yes			1		مروان	
432	trans_432	done	حل في	متعدي بحرف	حَلَّ في	حَلَّ في	ب|vide		حَلَّ في منْزلنا	حلّ بمنزلنا	2	2	yes			1		مروان	
433	trans_ind2direct	done	حوى على	متعدي بحرف	حَوَى على	حَوَى على			حَوَى على قطعٍ أثرية	حوى البيت قطعا فنية	1-2	1-2	yes			1		مروان	
434	trans_ind2direct	done	خول إليه الأمر	متعدي بحرف	خَوَّلَ إليه الأمرَ	خَوَّلَ إلى			خَوَّلَ إليه الأمرَ	خوّل الشعب الرئيس	1-2	1-2	yes			1		مروان	
435	trans_ind2direct	done	داس على	متعدي بحرف	داس على	دَاسَ على			داس عليه	دست الورقة	1-2	1-2	yes			1		مروان	
436	trans_ind2direct	done	دعس على	متعدي بحرف	دَعَسَ على	دَعَسَ على			دَعَسَ عليه	دعست البطيخة	1-2	1-2	yes			1		مروان	
437	trans_ind2direct	done	دق على الباب	متعدي بحرف	دقَّ على الباب	دَقَّ على			دقَّ على الباب	دققت الباب	1-2	1-2	yes			1		مروان	
438	trans_438	done	ذكر بأن	متعدي بحرف	ذَكَرَ بأن	ذَكَرَ بأن	أن		ذَكَرَ بأنه مريض	ذكرت أنه مريض	2	2	yes		N.*;.*;-B.?	1		مروان	
439	trans_ind2direct	done	ربت على ظهره	متعدي بحرف	رَبَّتَ على ظَهْره	رَبَّتَ على			رَبَّتَ على ظَهْره	ربتت ظهره	1-2	1-2	yes			1		مروان	
440	trans_440	done	رزق بولد	متعدي إلى مفعولين	رُزِقَ بولدٍ	رُزِقَ		الفعل (رَزَقَ) يتعدى بنفسه إلى مفعولين	رُزِقَ فلانٌ بولدٍ	زرق فلان ولدا	1-3	1-2	yes		N.*;.*;-B.?	1		مروان	
441	trans_441	done	رغبة شديدة ل	متعدي بحرف	رَغْبَةٌ شديدة ل	رَغْبَةٌ شديدة ل	رَغْبَةٌ شديدة في		لديه رَغْبَةٌ شديدة للكتابة	لديه رغبة شديدة في الكتابة	2	2	yes		N.*;.*;-B.?	1		مروان	
442	trans_442	done	رغبة شديدة ل	متعدي بحرف	رَغْبَةٌ شديدة ل	رَغْبَةٌ شديدة ل	ب		لديه رَغْبَةٌ شديدة للكتابة	لديه رغبة شديدة في الكتابة	4	2	yes		N.*;.*;-L.?	1		مروان	
443	trans_443	done	زحف على	متعدي بحرف	زَحَفَ على	زَحَفَ على	إلى	وتقول: (الصبيُّ يَزحفُ على الأرض)، للإشارة إلى المكان الذي جرى الزحف فوقه	زَحَفَ الجيشُ على المدينة	زحف الجيش إلى المدينة	3	2	yes			1		مروان	
444	trans_444	done	زعم بـأن	متعدي بحرف	زعم بـأن	زَعَمَ بـأن	أن		زعم بـأنه صادق	زعم أنه صادق	2	2	yes		N.*;.*;-B.?	1		مروان	
445	trans_445	done	زفت العروس على زوجها	متعدي بحرف	زُفَّتْ العروسُ على زوجها	زَفَّ على	إلى		زُفَّتْ العروسُ على زوجها	زفت العروس إلى بيت زوجها	3	2	yes			1		مروان	
446	trans_446	done	زهد ب	متعدي بحرف	زَهِدَ ب	زَهِدَ ب	في		زَهِدَ بالشيء	لقد زهد في النقود	2	2	yes		N.*;.*;-B.?	1		مروان	
447	trans_ind2direct	done	ساد على	متعدي بحرف	سَادَ على	سَادَ على		الفعل (ساد) يتعدى بنفسه	سَادَ على قومِه	يسود الشجاع قومه	1-2	1-2	yes			1		مروان	
448	trans_448	review	سلمته الرسالة	متعدي بحرف	سلّمتُه الرسالةَ	سَلّمَ ه الرسالةَ	إليه	(سلّم) يتعدى إلى مفعول لا إلى مفعولين	سلّمتُه الرسالةَ	سلمت إليه الرسالة	1	1	yes			1		مروان	
449	trans_449	done	شـارف على الانتهاء	متعدي بحرف	شـَارَفَ على الانتهاءِ	شـَارَفَ	شـَارَفَ الانتهاءَ|أَشـْرَفَ على الانتهاء	(شارف) فعلٌ متعدٍّ بنفسه	شـَارَفَ على الانتهاءِ	شارف البناء الانتهاء	1-2	1-2	yes			1		مروان	
450	trans_450	review	شـاركه	متعدي بحرف	شـَارَكَهُ	شـَارَكَ	في	(شارك) فعلٌ متعدٍّ إلى مفعول واحد	شـَارَكَهُ العملَ	يشاركه في العمل	1	1	yes			1		مروان	
451	trans_451	done	شرع ب	متعدي بحرف	شَرَعَ ب	شَرَعَ ب	في		شَرَعَ بالأمر	يشرع في القضية	2	2	yes		N.*;.*;-B.?	1		مروان	
452	trans_452	done	شـك ب	متعدي بحرف	شـَكَّ ب	شـَكَّ ب	في		شـَكَّ بأمانتِه	لا يشك في أمانته	2	2	yes		N.*;.*;-B.?	1		مروان	
453	trans_453	done	صدق المجلس على القرار	متعدي إلى مفعولين	صدّق المجلسُ على القرار	  صَدّقَ على			صدّق المجلسُ على القرار	لن يصدق المجلس القرار	1-3	1-2	yes			1		مروان	
454	exp_454	done	ضربه بالأرض	تعبير	ضَرَبَهُ بالأرضِ	ضَرَبَ هُ بالأرضِ	بهِ	الأرضُ لا تُحملُ ليُضْرَبَ بها	ضَرَبَهُ بالأرضِ	ضربت البنت به الباب	2	2	yes		N.*;.*;-B.?	1		مروان	
455	trans_455	review	طالب	متعدي بحرف	طالَب	طَالَبَ	ب	متعدي لفعل واحد وليس لمفعولين	طالَبتُه دَفْعَ ما عليه	طالبته بدفع  ما عليه	1	1	yes			1		مروان	
456	trans_456	done	طمح ب	متعدي بحرف	طَمَحَ ب	طَمَحَ ب	إلى		طَمَحَ بالزواج منها	يطمح الشاب إلى الزواج منها	2	2	yes		N.*;.*;-B.?	1		مروان	
457	trans_457	done	ظهر بأن	متعدي بحرف	ظَهَرَ بأن	ظَهَرَ بأن	أن		ظَهَرَ بأنـّه مريض	ظَهَرَ أنـّه مريض	2	2	yes		N.*;.*;-B.?	1		مروان	
458	trans_458	done	عارض الكتاب على أصله المخطوط	متعدي بحرف	عارضَ الكتابَ على أصلِه المخطوط	عَارَضَ على	ب		عارضَ الكتابَ على أصلِه المخطوط	عارضَ الكتابَ بأصلِه المخطوط	3	2	yes			1		مروان	
459	trans_459	done	عزا الخبر لصاحبه	متعدي بحرف	عَزَا الخبَرَ لِصاحبه	عَزَا لِ	إلى		عَزَا الخبَرَ لِصاحبه	عَزَا الخبَرَ إلى صاحبه	3	2	yes		N.*;.*;-L.?	1		مروان	
460	trans_460	done	عزيته بولده	متعدي بحرف	عَزَّيْتُه بولده	عَزَّى ب	عن		عَزَّيْتُه بولده	عَزَّيْتُه عن ولده	2	2	yes		N.*;.*;-B.?	1		مروان	
461	trans_461	done	عوده على	متعدي إلى مفعولين	عَوَّدَهُ على	عَوَّدَ على			عَوَّدَهُ على الأمر	عّوده الأمر	1-2	1-2	yes			1		مروان	
462	trans_462	done	غرم ب	متعدي إلى مفعولين	غَرَّمَ ب	غَرَّمَ ب		(غرّم) يتعدّى بنفسه إلى مفعولين	غَرَّمَهُ بالدَّيْنِ	غرمه الدين	1-2	1-2	yes		N.*;.*;-B.?	1		مروان	
463	trans_ind2direct	done	فاق على	متعدي بحرف	فَاقَ على	فَاقَ على			فَاقَ على أقرانِه	فاق أقرانه	1-2	1-2	yes			1		مروان	
464	trans_464	done	فتش على	متعدي بحرف	فَتَّشَ على	فَتَّشَ على	عن		فَتَّشَ عليه	فتش عنه	2	2	yes			1		مروان	
465	trans_465	done	قابل الكتاب على أصله المخطوط	متعدي بحرف	قابَلَ الكتابَ على أصله المخطوط	قَابَلَ الكتابَ على أصله المخطوط	ب		قابَلَ الكتابَ على أصله المخطوط	قابل الكتاب بأصله	3	2	yes			1		مروان	
466	trans_ind2direct	done	قارب الأمر على الانتهاء	متعدي بحرف	قاربَ الأمرُ على الانتهاء	قَارَبَ على			قاربَ الأمرُ على الانتهاء	قارب الأمر الانتهاء	1-3	1-2	yes			1		مروان	
467	trans_ind2direct	done	قاسى من ألـم شديد	متعدي بحرف	قَاسَى من ألـمٍ شديد	قَاسَى من		الفعل (قاسى) يتعدّى بنفسه	قَاسَى من ألـمٍ شديد	قاسى آلاما مبرحة	1-2	1-2	yes			1		مروان	
468	trans_ind2direct	done	قبل ب	متعدي بحرف	قَبل ب	قَبِلَ ب			قَبلتُ بـالأمر / بـالقليل	قبلت الأمر	1-2	1-2	yes		N.*;.*;-B.?	1		مروان	
469	trans_469	done	قذف الحجارة على	متعدي بحرف	قذف الحجارةَ على	قَذَفَ الحجارةَ على	ب		قذف الحجارةَ على القلعة	قذف بالحجارة	1	1	yes			1		مروان	
470	trans_470	done	قطنت البلد	متعدي بحرف	قطنتُ البلدَ	قَطَنَ بلدَ	في		قطنتُ البلدَ	قطنت في البلد	1	2	yes		N.*;.*;-B.?	1		مروان	
471	trans_471	done	كلف ب	متعدي إلى مفعولين	كَلَّفَ ب	كَلَّفَ ب		(كلّف) فعل متعدّ بنفسه إلى مفعولين	كَلَّفَهُ بالعمل	كلفه العمل	1-2	1-2	yes		N.*;.*;-B.?	1		مروان	
472	trans_472	done	لا يكترث به	متعدي بحرف	لا يُكْتَرَثُ به	لا يُكْتَرَثُ به	له		لا يُكْتَرَثُ به	لا يكترث له	3	3	yes		N.*;.*;-B.?	1		مروان	
473	trans_473	done	لا ينبغي عليك	متعدي بحرف	لا ينبغي عليك	لا ينبغي عليك	لك	(ما ينبغي لك): لا يليق بك، ولا يَحْسُن منك	لا ينبغي عليك	لا ينبغي لك	3	3	yes			1		مروان	
474	trans_474	done	لجأ له	متعدي بحرف	لَجَأَ له	لَجَأَ له	إليه		لَجَأَ له	لجأ إليه	2	2	yes		N.*;.*;-L.?	1		مروان	
475	trans_475	review	لقبوه الأمين	متعدي بحرف	لَقَّبُوهُ الأمينَ	لَقَّبَ	ب		لَقَّبُوهُ الأمينَ	لقبوه بالأمين	1	1	yes			1		مروان	
476	trans_476	done	ما أحوجنا له	متعدي بحرف	ما أَحْوَجَنا له	أَحْوَجَ له	إليه		ما أَحْوَجَنا له	ما أحوجنا إليه	3	2	yes		N.*;.*;-L.?	1		مروان	
477	exp_477	done	ما انفك عن	تعبير	ما انْفَكَّ عن	ما انْفَكَّ	ما انْفَكَّ يفعل |ما انفك فاعلا	أي: مازال يلعب، وهي من أخوات كان	ما انْفَكَّ عن اللَّعِب	ما انفك يفعل	3	2	yes			1		مروان	
478	trans_478	done	نـبه عما	متعدي بحرف	نـَبَّهَ عمّا	نـَبَّهَ عمّا	على ما		نـَبَّهَ الطلابَ عمّا ارتكبوه من أخطاءٍ	نبّه الطلاب على ما ارتكبوه من أخطاء	3	2	yes			1		مروان	
479	trans_479	done	نـزل عند إرادته	متعدي بحرف	نـَزَلَ عند إرادتِه	نـَزَلَ عند إرادتِه	على		نـَزَلَ عند إرادتِه	نزل على إرادته	2	2	yes			1		مروان	
480	trans_480	done	نـزهه من الخطأ	متعدي بحرف	نـَزَّهَهُ مِن الخطأِ	نـَزَّهَ  مِن الخطأِ	عن		نـَزَّهَهُ مِن الخطأِ	نزهه عن الخطأ	2	2	yes			1		مروان	
481	trans_481	done	نـفخ بالنـاي	متعدي بحرف	نـَفَخَ بالنـَّاي	نـَفَخَ بالنـَّاي	في	(الباء) تدخل على أداة النفخ، نحو: نفخ الكرة بالمنفاخ	نـَفَخَ بالنـَّاي	نفخ في الناي	2	2	yes		N.*;.*;-B.?	1		مروان	
482	trans_ind2direct	done	هاب من	متعدي بحرف	هَابَ من	هَابَ من		الفعل (هاب) يتعدّى بنفسه	هَابَ من فلان	هاب فلانا	1-2	1-2	yes			1		مروان	
483	trans_483	done	هجس في الأمر	متعدي بحرف	هَجَسَ في الأمرِ	هَجَسَ في الأمرِ	هَجَسَ الأمرُ في صدره		هَجَسَ في الأمرِ	هجس الأمر في صدره	2	2	yes		N.*;.*;-B.?	1		مروان	
484	trans_484	review	واروا الشهيد التراب	متعدي بحرف	وَارَوا الشّهِيدَ الترابَ	وَارَى الشّهِيدَ الترابَ	في	الفعل (وارى) يتعدى بنفسه إلى مفعول واحد	وَارَوا الشّهِيدَ الترابَ	واروا الشهيد في التراب	1	1	yes			1		مروان	
485	trans_485	done	يترتب عن	متعدي بحرف	يَتَرَتّب عن	تَرَتَّبَ عن	على		يَتَرَتّب عن اجتهاد الطالب نجاحُه	يَتَرَتّب على اجتهاد الطالب نجاحُه	2	2	yes			1		مروان	
486	trans_ind2direct	done	يروج ل	متعدي بحرف	يُرَوِّجُ ل	رَوَّجَ ل			جعل فلانٌ يُرَوِّجُ لأفكاره	جعل فلانٌ يُرَوِّجُ أفكاره	3-4	1-2	yes		N.*;.*;-L.?	1		مروان	
487	trans_487	done	يشتمل	متعدي بحرف	يَشتمل	اِشْتَمَلَ	على	(اشتمل) فعلٌ لازم	يَشتمل الكلامُ كذا وكذا	يَشتمل الكلامُ على كذا وكذا	1	1	yes			1		مروان	
488	trans_ind2direct	done	يعاني من	متعدي بحرف	يُعَانِي من	عَانَى من		الفعل (عانى) يتعدّى بنفسه	يُعَانِي فلانٌ من المرض	يُعَانِي فلانٌ المرض	1-3	1-2	yes			1		مروان	
489	exp_489	done	يقارب عددهم من	تعبير	يقاربُ عددُهم من	قَارَبَ عدد من			يقاربُ عددُهم من ألف	يقاربُ عددُهم ألف	1-3	1-2	yes			1		مروان	
490	trans_490	done	يناضل ضد الاستعمار	متعدي بحرف	يناضلُ ضدَّ الاستعمار	نَاضَلَ ضد			يناضلُ ضدَّ الاستعمار	يناضلُ الاستعمار	1-2	1-2	yes			1		مروان	
491	trans_491	done	ينم عن	متعدي بحرف	ينمّ عن	نَمَّ عن	على		ينمّ حديثه عن علمه وذكائه		3	2	yes		N.*;.*;-B.?	1		مروان	
492		done	حراجة الموقف	كلمة واحدة	حَرَاجَةُ	حراجة	حَرَجُ		حَرَاجَةُ الموقف		2	2	yes			1	replace.txt	مروان	
493	trans_493	done	هذه الآونة	تعبير	هذه الآونة	هذه	هذا	(الآونة): جمع الأوان	في هذه الآونة من كلِّ صباح		2	2	yes		N.*;.*;-B.?	1		مروان	
494	trans_494	done	رجال يقظى	صفة	رجال يَقْظَى	يَقْظَى	يـِقاظٌ|أيْقاظٌ	(يَقْظَى) مؤنث (يقظان)، وفي جمعها تقول:(هذه نسوة يـِقاظ / يَقاظى)	هؤلاء رجال يَقْظَى		2	2	yes		N.*;.*;-B.?	1		مروان	
495	trans_495	done	شريعة سمحاء	صفة	شريعةٌ سَمْحَاء	سَمْحَاء	سَمْحَةٌ	(سمحاء) مؤنث (أَسْمَح)، لم تقلهما العرب	شريعةٌ سَمْحَاء		2	2	yes		N.*;.*;-B.?	1		مروان	
496	trans_496	done	ضبع مفترس	صفة	ضَبْعٌ مفترسٌ	مفترسٌ	مفترسة	(الضبع) اسمٌ مؤنث	ضَبْعٌ مفترسٌ		2	2	yes		N.*;.*;-B.?	1		مروان	
497	trans_497	ignore	هذا الأرنب		هذا الأرنب	هذا 	هذه	(الأرنب) اسمٌ مؤنـّث	هذا الأرنب		2	2	yes		N.*;.*;-B.?	1		مروان	
498	trans_498	done	يمينا صادقا		يَمِيناً صَادِقاً	صَادِقاً	صادقة	(اليمين) اسمٌ مؤنث	يَمِيناً صَادِقاً		2	2	yes		N.*;.*;-B.?	1		مروان	
499	trans_499	done	أجهزة التصنـت	تعبير	أجهزة التَّصَنـُّت		أجهزة التَّنـَصُّت		أجهزة التَّصَنـُّت		2	2	yes		N.*;.*;-B.?	1	replace.txt	مروان	
500	trans_500	done	جمادى الثاني| جمادى الثانية	تعبير	جُمَادَى الثاني| جمادى الثانية		جُمَادَى الآخِرَة		جُمَادَى الثاني / الثانية		2	2	yes		N.*;.*;-B.?	1	replace.txt	مروان	
501	trans_501	done	سيتم|تم|تمت	تعبير	سيتم|تم|تمت			(تـَمّ): صار تامّاً وكَمُل	سيَتِمُّ تحديدُ موعدِ الاجتماعِ لاحقاً		2	2	yes		N.*;.*;-B.?	1		مروان	
502	trans_502	done	متعارف عليها	تعبير	متعارَفٌ عليها		متعارَفة	(أي: معروفة شائعة)	عاداتٌ متعارَفٌ عليها		2	2	yes		N.*;.*;-B.?	1		مروان	
503	trans_503	done	وضاحة العبارة	تعبير	وَضَاحَةُ العبارة		وُضُوحُ العبارة		وَضَاحَةُ العبارة		2	2	yes		N.*;.*;-B.?	1		مروان	
504	trans_504	done	أخلوا السكان من المنزل	تعبير	أخْلَوْا السكانَ من المنْزل		أخْلَوْا المنْزلَ من السكان	(الإخلاء) يكون للمنزل لا للسكان, و(الإجلاء) يكون للسكان	أخْلَوْا السكانَ من المنْزل		2	2	yes		N.*;.*;-B.?	1		مروان	
505	trans_505	done	أخلوا السكان من المنزل	تعبير	أخْلَوْا السكانَ من المنْزل		أجْلَوْا السكانَ من المنْزل	(الإخلاء) يكون للمنزل لا للسكان, و(الإجلاء) يكون للسكان	أخْلَوْا السكانَ من المنْزل		2	2	yes		N.*;.*;-B.?	1		مروان	
506	trans_506	done	أسياد القوم	مضاف	أَسْيَادُ القوم	أسياد القوم	سَادَةُ القوم		هم أَسْيَادُ القوم		2	2	yes			1		مروان	
507	exp_507	done	أصابه كلل	تعبير	أصابَهُ كَلَلٌ	أصاب كلل	أصابَهُ كَلالٌ	(الكَلَل): الحالة. يقال: مات بكَلَلِ سوءٍ	أصابَهُ كَلَلٌ		2	2	yes			1		مروان	
508	exp_508	done	اعتذر عن الحضور	تعبير	اعْتَذَرَ عن الحضور	اعتذر عن الحضور	اعْتَذَرَ عن التخلُّف|اعتذر عن الغياب		اعْتَذَرَ عن الحضور	اعْتَذَرَ عن التخلُّف|اعتذر عن الغياب	2	2	yes			1		مروان	
509	exp_509	done	اعتذر عن الحضور	تعبير	اعْتَذَرَ عن الحضور	اعتذر عن الحضور	اعْتَذَرَ عن عدم الحضور		اعْتَذَرَ عن الحضور	اعْتَذَرَ عن عدم الحضور	2	2	yes			1		مروان	
510	exp_510	done	أغلق الباب بالرتاج	تعبير	أغلق الباب بالرِّتَاج	أغلق	أغلق الباب بالمِرْتَاج	(الرِّتاج): الباب	أغلق الباب بالرِّتَاج	أغلق الباب بالمِرْتَاج	2	2	yes			1		مروان	
511	trans_511	ignore	التوادد والتراحم	فعل	تَوَادُدُ	توادد	توَادُّ	يجب الإدغام في مصدر الثلاثي المضعف المزيد على وزن (تَفاعُل)	التَّوَادُدُ والتراحُم		2	2	yes			1		مروان	
512	exp_512	done	ألقى عليهم خطابا |ألقى خطابا	تعبير	ألقى عليهم خِطاباً |ألقى خطابا	ألقى عليهم خِطاباً |ألقى خطابا	ألقى عليهم خُطْبَةً | ألقى خُطبة	(الخِطاب): ما يكلم به الرجلُ صاحِبَهُ	ألقى عليهم خِطاباً	ألقى عليهم خُطْبَةً | ألقى خُطبة	2	2	yes			1		مروان	
513	trans_513	done	تصريح بالدخول	مضاف	تَصْرِيحٌ بالدخول	تصريح بالدخول	إذْنٌ بالدخول	(التصريح): ضد التعريض	تَصْرِيحٌ بالدخول		2	2	yes		N.*;.*;-B.?	1	replace.txt	مروان	
514	trans_ind2direct	done	تعارفوا على	متعدي بحرف	تعارفوا على	تَعَارَفَ على			تعارفوا على الأمر	تعارفوا الأمر	1-2	1-2	yes			1		مروان	
515		done	تعذيب المياه	مضاف	تعذيب المياه	تعذيب المياه	إعذاب المياه		تعذيب المياه								replace.txt	مروان	
516		done	تفنيد النفقات	مضاف	تفنيد النفقات	تفنيد النفقات	تبيين النفقات	(فَـنـَّدَ فلاناً): خـَطَّـأَ رأيَهُ. (فَـنـَّدَ رأْيَ فلان): أضْعَفَهُ وأبْطَلَهُ.	تفنيد النفقات الإجمالية								replace.txt	مروان	
517	redundancy.txt	done	تناول طعام العشاء	مكرر	تناولَ طعامَ العَشَاءِ	تناول طعام العشاء	تناولَ العَشَاءَ	(العَشاء) هو الطعام نفسه	تناولَ طعامَ العَشَاءِ									مروان	
518	redundancy.txt	done	تناول طعام الغداء |تناول طعام الغذاء	مكرر	تناول طعامَ الغَدَاءِ |تناول طعام الغَذَاءِ	تناول طعام الغداء |تناول طعام الغذاء	تناول الغَدَاءَ	(الغَداء): طعام الغُدوة، ووجبة الظهيرة (مج). (الغِذاء): ما ينمو به الجسم ويَصْلُح مِن طعام وشراب.	تناول طعامَ الغَدَاءِ / الغَذَاءِ									مروان	
519		done	تنسيق الآلات القديمة	مضاف	تنسيق الآلات القديمة	تنسيق الآلات القديمة	استبعاد الآلات القديمة		لا بدّ من تنسيق الآلات القديمة								replace.txt	مروان	
520		done	تنسيق الآلات القديمة	مضاف	تنسيق الآلات القديمة	تنسيق الآلات القديمة	طرح الآلات القديمة جانباً	(نـَسَّق): نظَّم	لا بدّ من تنسيق الآلات القديمة								replace.txt	مروان	
521		done	حسن الخصائل	مضاف	حَسَنُ الخَصَائِل	حسن الخصائل	حَسَنُ الخِصَال	(الخصائل) جمع خصيلة، وهي القطعة من اللحم	فلانٌ حَسَنُ الخَصَائِل								replace.txt	مروان	
522		done	حنـايا صدره	مضاف	حَنـَايَا صدْرِهِ	حنـايا صدره	أَحْنـَاءُ صدْرِهِ	(الحَنِيَّة): القوس، جمعها: حنايا. (الحِنـْوُ): كُلّ ما فيه اعوجاج، كالضِّلع، جمعها: أحناء	امتلأتْ حَنـَايَا صدْرِهِ								replace.txt	مروان	
523		done	حواف الأنهار	مضاف	حَوافُّ الأنهار	حواف الأنهار	حافاتُ الأنهار|حَوافِي الأنهار		حَوافُّ الأنهار								replace.txt	مروان	
524		done	خزينة الدولة	مضاف	خزينةُ الدولة	خزينة الدولة	خِزانةُ الدولة		خزينةُ الدولة								replace.txt	مروان	
525		done	دور النقاهة	مضاف	دَوْرِ النَّقاهة	دور النقاهة	دَوْرِ النَّقَه	(النَّقاهة): الفهم وسرعة الفطنة	فلانٌ في دَوْرِ النَّقاهة								replace.txt	مروان	
526	exp_526	done	رأى مناما	تعبير	رأى مَناماً	رأى مناما	رأى حُلُماً |رأى رؤيا	(المنام): النـَّوم، وموضِعُ النوم	رأى مَناماً	رأى حُلُماً |رأى رؤيا	2	2						مروان	
527	exp_527	done	رأيك لا يتناسب ورأيه	تعبير	رأيُك لا يَتَناسَبُ ورأيَه	رأيك لا يتناسب ورأيه	رأيُك لا يَتَناسَبُ هو ورأيُه	ومِثل يتناسب: يتلاءم ويتنافى...	رأيُك لا يَتَناسَبُ ورأيَه	رأيُك لا يَتَناسَبُ هو ورأيُه	3-4	3-4						مروان	
528	exp_528	done	رأيك لا يتناسب ورأيه	تعبير	رأيُك لا يَتَناسَبُ ورأيَه	رأيك لا يتناسب ورأيه	رأيُك لا يَتَناسَبُ مع رأيه	ومِثل يتناسب: يتلاءم ويتنافى...	رأيُك لا يَتَناسَبُ ورأيَه	رأيُك لا يَتَناسَبُ مع رأيه	3-4	3-4						مروان	
529		done	رفاه العيش|رفاهية العيش	مضاف	رَفاهُ العيش|رَفَاهِيَّةُ العيش	رفاه العيش|رفاهية العيش	رفاهِيَةُ العيش		رَفاهُ / رَفَاهِيَّةُ العيش								replace.txt	مروان	
530		done	زفاف العروسين	مضاف	زفافِ العروسين	زفاف العروسين	زواجِ العروسين	(الزفاف): إهداء العروس إلى زوجها	تهنئةٌ بزفافِ العروسين								replace.txt	مروان	
531		done	سواقة السيارات	مضاف	سِواقةُ السيارات	سواقة السيارات	سياقةُ السيارات		سِواقةُ السيارات								replace.txt	مروان	
532		done	سوية الطلاب	مضاف	سويّة الطلاب	سوية الطلاب	مستوى الطلاب		يجب رفع سويّة الطلاب								replace.txt	مروان	
533	adj_533	done	سوية عالية	صفة	سويَّةً عالية	سوية عالية	مرتبةً عالية| درجةً عالية		بلغ الإنتاجُ سويَّةً عالية									مروان	
534		done	شهر تشرين أول		شهر تشرين أول	تعارفوا على	شهر تشرين الأول		شهر تشرين أول						N.*;.*;-B.?			مروان	
535		done	شهر تشرين ثان|شهر تشرين ثاني		شهر تشرين ثان|شهر تشرين ثاني	تعارفوا على	شهر تشرين الثاني		شهر تشرين ثان / ثاني						N.*;.*;-B.?			مروان	
536		done	شهر ربيع أول		شهر ربيع أول	تعارفوا على	شهر ربيع الأول		شهر ربيع أول						N.*;.*;-B.?			مروان	
537		done	شهر ربيع ثاني |شهر ربيع الثاني		شهرُ ربيع ثاني |شهر ربيع الثاني	تعارفوا على	شهر ربيعٍ الآخِر		شهرُ ربيع ثاني / الثاني						N.*;.*;-B.?			مروان	
538		done	شهر كانون أول		شهر كانون أول	تعارفوا على	شهر كانون الأول		شهر كانون أول						N.*;.*;-B.?			مروان	
539		done	شهر كانون ثان |شهر كانون ثاني		شهر كانون ثان |شهر كانون ثاني	تعارفوا على	شهر كانون الثاني		شهر كانون ثان / ثاني						N.*;.*;-B.?			مروان	
540		done	شهر محرم		شهر مُحَرَّم	تعارفوا على	شهر الْمُحَرَّم		في شهر مُحَرَّم						N.*;.*;-B.?			مروان	
541		done	صالة البيع	مضاف	صالة البيع	صالة البيع	ردهة البيع		صالة البيع								replace.txt	مروان	
542	exp_542	done	صدر الحكم بحق	تعبير	صدر الحكم بحق	صدر الحكم بحق	صدر الحكم على	(إذا كان في غير مصلحته)	صدر الحكم بحق فلان	صدر الحكم على فلان	3	3						مروان	
543	exp_543	done	صدر الحكم بحق	تعبير	صدر الحكم بحق	صدر الحكم بحق	صدر الحكم ل	(إذا كان في مصلحته)	صدر الحكم بحق فلان	صدر الحكم لفلان	3	3						مروان	
544		done	صفار البيضة| بياض البيض	مضاف	صَفَارَ البيضةِ| بَيَاضَ البيض	صفار البيضة| بياض البيض	مُحَّ البيضةِ |آح البيض		أكَلَ صَفَارَ البيضةِ وترَكَ بَيَاضَها								replace.txt	مروان	
545		done	صفار اللون	مضاف	صَفَارُ اللون	صفار اللون	صُفْرَةُ اللون		صَفَارُ اللون								replace.txt	مروان	
546		done	صيوان الأذن	مضاف	صِيوانُ الأذنِ	صيوان الأذن	صِوَانُ الأذنِ		صِيوانُ الأذنِ								replace.txt	مروان	
547		done	طوي الثياب	مضاف	طَوْي الثياب	طوي الثياب	طَيِّ الثياب		انـْتَهَتْ من طَوْي الثياب								replace.txt	مروان	
548	exp_548	done	عارض بين الكتاب وأصله المخطوط	تعبير	عارضَ بين الكتابِ وأصلِه المخطوط	عارض بين الكتاب وأصله المخطوط	عارضَ الكتابَ بأصلِه المخطوط		عارضَ بين الكتابِ وأصلِه المخطوط	عارضَ الكتابَ بأصلِه المخطوط	2-4	2-4						مروان	
549		done	علامات التنقيط	مضاف	علامات التنقيط	علامات التنقيط	علامات الترقيم		الفاصلة هي إحدى علامات التنقيط								replace.txt	مروان	
550	exp_550	done	على جميع الأصعدة	تعبير	على جميع الأصْعِدَة	على جميع الأصعدة	على جميع الصُّعُد		على جميع الأصْعِدَة	على جميع الصُّعُد	3	3						مروان	
551		done	غفير البناء	مضاف	غَفِيرُ البناءِ	غفير البناء	خَفِيرُ البناءِ	(الغفير): الكثير	غَفِيرُ البناءِ								replace.txt	مروان	
552		done	فاتورة الحساب	مضاف	فَاتُورَةُ الحسابِ	فاتورة الحساب	بَيَانُ الحساب| وَرَقَةُ الحسابِ		فَاتُورَةُ الحسابِ								replace.txt	مروان	
553		done	فترة النمو	مضاف	فترة النموّ	فترة النمو	طور النمو|مرحلة النموّ	(الفترة) مدةٌ تتميّز بالفتور	في فترة النموّ								replace.txt	مروان	
554	replace.txt	done	فداحة المصاب	كلمة واحدة	فَداحَةُ	فداحة	فَدْحُ	(الفداحة) لم تُسمع عن العرب	فَداحَةُ المُصاب									مروان	
555		done	قطاف القطن	مضاف	قِطافُ القطن	قطاف القطن	قَطْفُ القطن	(القِطاف) ليس مصدراً لـ (قَطَفَ)، إنما هو اسمٌ يعني زمن القطف	تمَّ قِطافُ القطن								replace.txt	مروان	
556	exp_556	done	كيلو واط ساعي	تعبير	كيلو واط ساعي	كيلو واط ساعي	كيلو واط ساعة		كيلو واط ساعي	كيلو واط ساعة	1-3	1-3						مروان	
557		done	لقاء أجر	مضاف	لِقَاءَ أجْر	لقاء أجر	بأجر|مُقابلَ أجر	(اللقاء): المقابَلَةُ والاستقبال	اشتغل لِقَاءَ أجْر كبير								replace.txt	مروان	
558	exp_558	done	لم يلد له أبناء	تعبير	لم يَلدْ له أبناء	لم يلد له أبناء	لم يُولَد له أبناء		لم يَلدْ له أبناء	لم يُولَد له أبناء	1-2	1-2			N.*;.*;-B.?		replace.txt	مروان	
559	word_559	done	مشبوه | مشبوه فيه	كلمة واحدة	مَشْبُوهٌ | مَشْبُوهٌ فيه	مشبوه | مشبوه فيه	مُشْتَبَهٌ فيه		فلانٌ مَشْبُوهٌ / مَشْبُوهٌ فيه						N.*;.*;-B.?			مروان	
560		done	منسوب الماء	مضاف	مَنْسُوبُ الماءِ	منسوب الماء	مُسْتَوَى الماءِ	(المنسوب): ذو الحسب والنسب، والشيءُ يُنسَب إلى غيره	مَنْسُوبُ الماءِ						N.*;.*;-B.?		replace.txt	مروان	
561	verb_561	done	نـخر السوس الخشب	فعل	نـَخَرَ السُّوسُ الخشبَ	تعارفوا على	نـَخِرَ	(نـَخِرَ) فعلٌ لازم. (نـَخـَر): صَوَّتَ بخياشيمه. (نـَخـَرَ الحالبُ الناقَةَ): دَلَكَ مَنْخِرَها بيدِهِ لِتَدِرّ	نـَخَرَ السُّوسُ الخشبَ	نـَخِرَ الخشبُ	1	1	yes		N.*;.*;-B.?	1		مروان	
562	verb_562	done	نـزف فلان	فعل	نـَزَفَ فلانٌ	تعارفوا على	نـَزَفَ دما	(نـَزَفَ الشيءُ): نـَفِدَ وفَني. (نـَزَفَ الدمُ فلاناً): أضعفَهُ بكثرة خروجه منه	نـَزَفَ فلانٌ	نـَزَفَ فلانٌ دماً	1	1	yes		N.*;.*;-B.?	1		مروان	
563	exp_563	done	نـظر إليه شذرا	تعبير	نـَظَرَ إليه شَذْراً	نـظر إليه شذرا	نـَظَرَ إليه شَزْراً	(الشـَّذْر): صغار اللؤلؤ، واحدته: شـَذْرَة	نـَظَرَ إليه شَذْراً	نـَظَرَ إليه شَزْراً	3	3			N.*;.*;-B.?			مروان	
564	verb_564	done	نـعى وفاة	فعل	نـَعَى وفاةَ	تعارفوا على	نـَعَى		نـَعَى وفاةَ صديقِه	نـَعَى صديقَه	2	2	yes		N.*;.*;-B.?	1		مروان	
565		done	هذا بئر		هذا بئر	تعارفوا على	هذه بئرٌ	(البئر) اسمٌ مؤنث	هذا بئرٌ عميق						N.*;.*;-B.?			مروان	
566		done	هذه عصاتي	مؤنث	هذه عصاتي	هذه عصاتي	هذه عصايَ		هذه عصاتي						N.*;.*;-B.?		replace.txt	مروان	
567		done	هطول المطر	مضاف	هُطُولُ المطر	هطول المطر	هَطْلُ المطر| هَطَلانُ المطر		هُطُولُ المطر						N.*;.*;-B.?		replace.txt	مروان	
568		done	يجب إملاء الفراغ	مضاف	يجب إمْلاءُ الفراغ	يجب إملاء الفراغ	يجب مَلْءُ الفراغ		يجب إمْلاءُ الفراغ						N.*;.*;-B.?		replace.txt	مروان	
565	exp_565	done	أوكل الأمر إلى|موكل إليه	تعبير	أوْكَلَ الأمرَ إلى|مُوكَلٌ إليه	أوكل الأمر إلى|موكل إليه	موكل عليه		أوْكَلَ الأمرَ إلى فلان، فهو مُوكَلٌ إليه	أوْكَلَ الأمرَ على فلان، فهو مُوكَلٌ عليه	3	3	yes		N.*;.*;-B.?	1		مروان	
566	exp_566	done	أوكل الأمر إلى|موكل إليه	تعبير	أوْكَلَ الأمرَ إلى|مُوكَلٌ إليه	أوكل الأمر إلى|موكل إليه	موكول إليه		أوْكَلَ الأمرَ إلى فلان، فهو مُوكَلٌ إليه	أوْكَلَ الأمرَ على فلان، فهو مُوكَلٌ عليه	3	3	yes		N.*;.*;-B.?	1		مروان	
603		done		تعبير	 نفس الشيء	نفس الشيء	الشيء نفسه	(إن لم يرد بالنفس الذات)									replace.txt	مصطفى	
604		done		تعبير	 على الرَّحب والسعة	على الرحب والسعة	على الرُّحب										redenduncy.txt	مصطفى	
624		done		تعبير	 شافاه الله	شافاه الله	شفاه الله										replace.txt	مصطفى	
633		done		تعبير	 أحمر غامق	أحمر غامق	داكن										replace.txt	مصطفى	
636		done		تعبير	 مفترق طرق	مفترق طرق	مَفرِقِ طرق										replace.txt	مصطفى	
646		done		تعبير	 اشترى كذا بأكمله	بأكمله	برُمَّته										replace.txt	مصطفى	
668		ignore		تعبير	 جَلَسَ لوحدِه	جلس لوحده	جَلَس وَحدَه											مصطفى	جلس لوحده=جَلَس وَحدَه
650		ignore		تعبير	 لا أدري (ما إذا |عمَّا إذا |إن) كنتَ راضيا أم لا	لا أدري (ما إذا |عما إذا |إن) كنت راضيا أم لا	لا أدري أأنت راضٍ أم لا (فلا يرد ما سبق بعد أفعال القلوب)											مصطفى	لا أدري (ما إذا |عما إذا |إن) كنت راضيا أم لا=لا أدري أأنت راضٍ أم لا (فلا يرد ما سبق بعد أفعال القلوب)
601		done		حركة	 دُرَّة عمر	درة عمر	دِرَّة عمر										diacritics	مصطفى	
605		done		حركة	 وقع في رَوْعي	وقع في روعي	رُوْعي										diacritics	مصطفى	
607		done		حركة	 زِيف	زيف	زَيف										diacritics	مصطفى	
609		done		حركة	 الصَرْعة	الصرعة	الصُّرَعَة										diacritics	مصطفى	
611		done		حركة	 حُمُرِ النِّعَم	حمر النعم	حُمْرِ النَّعَم										diacritics	مصطفى	
612		done		حركة	 حُمَّة	حمة	حُمَة										diacritics	مصطفى	
613		ignore		فعل	 لا تعجَز	لا تعجز	تَعجِز											مصطفى	
614		done		حركة	 مِفحَص قطاة	مفحص قطاة	مَفْحَص										diacritics	مصطفى	
620		done		حركة	 لا مَشاحَّة	لا مشاحة	لا مُشاحَّة										diacritics	مصطفى	
622		done		حركة	 كتاب مُشَكَّل	كتاب مشكل	كتاب مشكول|كتاب مُشكَل										diacritics	مصطفى	
627		done		حركة	 طُحال (العضو)	طحال	طِحال	طحال (العضو)									diacritics	مصطفى	
628		done		حركة	 طُلسُم	طلسم	طَلسَم|طِلسِم										diacritics	مصطفى	
629		done		حركة	 طَمَأنينة	طمأنينة	طُمَأنينة										diacritics	مصطفى	
630		done		حركة	 جَهُوري	جهوري	جَهْوَري										diacritics	مصطفى	
631		done		حركة	 مِنطاد	منطاد	مُنطاد										diacritics	مصطفى	
632		done		حركة	 طَهران	طهران	طِهران										diacritics	مصطفى	
635		done		حركة	النَّجعَة	النجعة	النُّجعَة										diacritics	مصطفى	
638		done		حركة	 مِفصَل	مفصل	مَفصِل										diacritics	مصطفى	
639		done		حركة	 فَطْحَل	فطحل	فِطَحْل										diacritics	مصطفى	
643		done		حركة	 جلس قِبالته	قبالته	قُبالَتَه										diacritics	مصطفى	
645		done		حركة	 ضرب به عَرْض الحائط	عرض الحائط	عُرْضَ الحائط										diacritics	مصطفى	
648		done		حركة	 اللُّقاح	اللقاح	اللِّقاح										diacritics	مصطفى	
651		done		حركة	 مُدّ البصر	مد البصر	مَدّ البصر|مَدى البصر	 مَدّ (ومَدى أفصح) البصر									diacritics	مصطفى	
655		done		حركة	 يُنبوع الغِواية الفكرية	ينبوع	يَنبوع										diacritics	مصطفى	
656		done		حركة	 نُدْبة	ندبة	نَدَبَة										diacritics	مصطفى	
657		done		حركة	 الإمام النِّسائي	الإمام النسائي	الإمام النَّسائي										diacritics	مصطفى	
663		done		حركة	 هَضَبة	هضبة	هَضْبَة										diacritics	مصطفى	
665		done		حركة	 مَهَمَّة عسكرية	مهمة عسكرية	مُهِمَّة عسكرية										diacritics	مصطفى	
666		done		حركة	 هِنَة |هِنَات	هنة|هنات	هَنَة|هَنَات										diacritics	مصطفى	
667		done		حركة	 رِعاع	رعاع	رَُعاع										diacritics	مصطفى	
670		done		حركة	 وُلُوع زيد بالشعر عظيمٌ	ولوع	وَلُوع										diacritics	مصطفى	
626		done		حركة	 صَمَّام | سدَّاد القارورة	صمام | سداد القارورة	صِمَام | سِدَاد										diacritics	مصطفى	
637		done		حركة	 كل الصيد في جوف الفِرا	كل الصيد في جوف الفرا	الفَرَا											مصطفى	
610		ignore		فعل	 يفْرُك مؤمن مؤمنة	يفرك مؤمن مؤمنة	يَفرَك											مصطفى	
615		ignore		فعل	 نَعِس الصبي	نعس الصبي	نَعَسَ											مصطفى	
616		ignore		فعل	 الصبي حتى يكبُر	الصبي حتى يكبر	يَكبَر											مصطفى	
617		ignore		فعل	 يَعمَدُ إلى كذا	يعمد إلى كذا	يَعمِدُ											مصطفى	
619		ignore		فعل	 شحِبَ لونه	شحب لونه	شَحَب |شَحُبَ											مصطفى	
647		ignore		فعل	 يَلفُظُ	يلفظ	يَلفِظُ											مصطفى	
658	Trans_indirectToDirect	done		متعدي بحرف	 انتقص من حقه	انتقص من حقه	انتقص حقَّه											مصطفى	
659				فعل	 نوَّه بكذا	نوه بكذا	أشار إلى كذا											مصطفى	
661				فعل	 هَرَع إليه	هرع إليه	هُرِعَ |أُهْرِعَ |أَهْرَع إليه											مصطفى	
664	Trans_indirectToIndirect	done		متعدي بحرف	 اهتَمَّ للأمر	اهتم للأمر	اهتَمَّ بالأمر											مصطفى	
669		ignore		فعل	 يورَمُ الجلد	يورم الجلد	يَرِمُ الجلد											مصطفى	
652	replace.txt	done		فعل	 انمسح	انمسح	امَّحى											مصطفى	
600		done		كلمة	 مدجج بالسلاح	مدجج بالسلاح	مدجج في السلاح										replace.txt	مصطفى	
602		done		كلمة	 دمغ	دمغ	وسم										replace.txt	مصطفى	
606		done		كلمة	 زيجة	زيجة	زواج										replace.txt	مصطفى	
608		done		كلمة	 سميك	سميك	ثخين										replace.txt	مصطفى	
618		done		كلمة	 متسول	متسول	سائل|شحَّاذ										replace.txt	مصطفى	
621		done		كلمة	 أشرطة	أشرطة	شُرُط|شرائط										replace.txt	مصطفى	
623		done		كلمة	 الشنب	الشنب	الشارب										replace.txt	مصطفى	
640		done		كلمة	 فطاحل	فطاحل	فحول|عظماء										replace.txt	مصطفى	
653		done		كلمة	 مها (للواحدة)	مها	مهاة	(للواحدة)									replace.txt	مصطفى	
654		done		كلمة	 ميوعة	ميوعة	مَيْع										replace.txt	مصطفى	
660		done		كلمة	 نوايا	نوايا	نيات										replace.txt	مصطفى	
662		done		كلمة	 أهرامات	أهرامات	أهرام										replace.txt	مصطفى	
672		done		كلمة	 ملغية	ملغية	ملغاة										replace.txt	مصطفى	
641	Trans_indirectToDirect	done		متعدي بحرف	 استفهم منه عن الأمرِ	استفهم منه عن الأمر	استفهمَهُ الأمرَ											مصطفى	
642				فعل	 تقابلت معه	تقابلت معه	قابلته											مصطفى	
644	Trans_indirectToDirect	done		متعدي بحرف	 قَدِمَ زيدٌ إلى أرض كذا	قدم زيد إلى أرض كذا	قَدِمَ زيدٌ أرضَ كذا											مصطفى	
649		ignore		مصدر	 لواه لويًا	لواه لويا	لَيًَّا											مصطفى	
625					 صفحة (للورقة لا أحد وجهيها)	صفحة	صحيفة	صفحة (للورقة لا أحد وجهيها)										مصطفى	
634					عُنيَ به فلان	عني به فلان	عَنِيَ به											مصطفى	
671																		مصطفى	
																			
																			
																			
																			
																			
																			
																			
																			
																			
																			
																			
																			
																			
																			
																			
																			
																			
																			
																			
																			
																			
																			
																			
																			
																			
																			
																			
																			
																			
																			
																			
																			
																			
																			
																			
																			
																			
																			
																			
																			
																			
																			
																			
																			
																			
																			
																			
																			
																			
																			
																			
																			
																			
																			
																			
																			
																			
																			
																			
																			
																			
																			
																			
																			
																			
																			
																			
																			
																			
																			
																			
																			
																			
																			
																			
																			
																			
																			
																			
																			
																			
																			
																			
																			
																			
																			
																			
																			
																			
																			
																			
																			
																			
																			
																			
																			
																			
																			
																			
																			
																			
																			
																			
																			
																			
																			
																			
																			
																			
																			
																			
																			
																			
																			
																			
																			
																			
																			
																			
																			
																			
																			
																			
																			
																			
																			
																			
																			
																			
																			
																			
																			
																			
																			
																			
																			
																			
																			
																			
																			
																			
																			
																			
																			
																			
																			
																			
																			
																			
																			
																			
																			
																			
																			
																			
																			
																			
																			
																			
																			
																			
																			
																			
																			
																			
																			
																			
																			
																			
																			
																			
																			
																			
																			
																			
																			
																			
																			
																			
																			
																			
																			
																			
																			
																			
																			
																			
																			
																			
																			
																			
																			
																			
																			
																			
																			
																			
																			
																			
																			
																			
																			
																			
																			
																			
																			
																			
																			
																			
																			
																			
																			
																			
																			
																			
																			
																			
																			
																			
																			
																			
																			
																			
																			
																			
																			
																			
																			
																			
																			
																			
																			
																			
																			
																			
																			
																			
																			
																			
																			
																			
																			
																			
																			
																			
																			
																			
																			
																			
																			
																			
																			
																			
																			
																			
																			
																			
																			
																			
																			
																			
																			
																			
																			
																			
																			
																			
																			
																			
																			
																			
																			
																			
																			
																			
																			
																			
																			
																			
																			
																			
																			
																			
																			
																			
																			
																			
																			
																			
																			
																			
																			
																			
																			
																			
																			
																			
																			
																			
																			
																			
																			
																			
																			
																			
																			
																			
																			
																			
																			
																			
																			
																			
																			
																			
																			
																			
																			
																			
																			
																			
																			
																			
																			
																			
																			
																			
																			
																			
																			
																			
																			
																			
																			
																			
																			
																			
																			
																			
																			
																			
																			
																			
																			
																			
																			
																			
																			
																			
																			
																			
																			
																			
																			
																			
																			
																			
																			
																			
																			
																			
																			
																			
																			
																			
																			
																			
																			
																			
																			
																			
																			
																			
																			
																			
																			
																			
																			
																			
															N.*;.*;-B.?				
